bet_id,bet_date,pitcher,strike,side,result,production_pnl,production_size,feasibility,trust_level,decision,judge_reason,edge,kelly_eff,oracle_size,oracle_pnl
6943,2026-04-24,Paul Skenes,6,NO,loss,-11.78,31.00,strong,high,skip,insufficient_edge,0.0348,0.0904,0.00,0.00
6944,2026-04-24,Andrew Abbott,5,NO,void,0.00,21.00,strong,high,fire,fire,0.3970,0.7026,200.00,0.00
6945,2026-04-24,Brandon Woodruff,6,NO,win,17.69,29.00,strong,high,skip,insufficient_edge,0.0460,0.1003,0.00,0.00
6946,2026-04-24,Paul Skenes,7,NO,void,0.00,17.00,strong,high,fire,fire,0.3448,0.6103,200.00,0.00
6947,2026-04-24,Michael Lorenzen,4,NO,void,0.00,21.00,strong,high,skip,insufficient_edge,0.0783,0.1800,0.00,0.00
6948,2026-04-24,Max Scherzer,4,NO,void,0.00,20.00,strong,high,skip,insufficient_edge,0.0629,0.1230,0.00,0.00
6949,2026-04-24,Freddy Peralta,7,NO,void,0.00,17.00,strong,high,fire,fire,0.1343,0.2827,200.00,0.00
6950,2026-04-24,Framber Valdez,6,NO,win,2.44,16.00,strong,high,fire,fire,0.1901,0.3802,200.00,30.50
6951,2026-04-24,Brandon Woodruff,7,NO,win,5.20,13.00,strong,high,fire,fire,0.3850,0.5454,200.00,80.00
6952,2026-04-24,Paul Skenes,8,NO,void,0.00,11.00,strong,high,fire,fire,0.5670,0.8158,200.00,0.00
6953,2026-04-24,Michael Lorenzen,5,NO,win,4.43,12.00,strong,high,fire,fire,0.4424,0.6967,200.00,73.83
6954,2026-04-24,Gavin Williams,6,YES,loss,-6.41,14.00,strong,high,fire,fire,0.1552,0.2772,200.00,-91.57
6955,2026-04-24,Andrew Abbott,6,NO,win,2.50,10.00,strong,high,fire,fire,0.6634,0.8964,200.00,50.00
6956,2026-04-24,Framber Valdez,5,NO,win,12.80,20.00,viable,high,skip,insufficient_edge,-0.1140,0.0000,0.00,0.00
6957,2026-04-24,Brandon Woodruff,8,NO,void,0.00,10.00,strong,high,fire,fire,0.5907,0.7022,200.00,0.00
6958,2026-04-24,Brayan Bello,4,NO,win,10.86,18.00,viable,medium,fire,fire,0.1477,0.1620,162.02,97.75
6959,2026-04-24,Brayan Bello,5,NO,void,0.00,12.00,strong,high,fire,fire,0.2662,0.4077,200.00,0.00
6960,2026-04-24,Gavin Williams,7,YES,loss,-5.85,18.00,viable,high,fire,fire,0.1462,0.1695,169.54,-55.10
6961,2026-04-24,Noah Cameron,5,NO,void,0.00,14.00,strong,high,skip,insufficient_edge,0.0970,0.1736,0.00,0.00
6962,2026-04-24,Gavin Williams,8,YES,loss,-5.43,27.00,dead,low,skip,feasibility_dead,0.1403,0.0000,0.00,0.00
6963,2026-04-24,Michael Lorenzen,6,NO,void,0.00,8.00,strong,high,fire,fire,0.6733,0.8802,200.00,0.00
6964,2026-04-24,Grant Holmes,5,NO,win,7.15,13.00,strong,high,skip,insufficient_edge,0.0366,0.0814,0.00,0.00
6966,2026-04-24,Max Scherzer,5,NO,win,2.72,8.00,strong,high,fire,fire,0.4455,0.5826,200.00,68.00
6967,2026-04-24,Freddy Peralta,4,NO,loss,-5.94,62.00,dead,low,skip,feasibility_dead,0.1208,0.0000,0.00,0.00
6968,2026-04-24,Drew Rasmussen,7,YES,loss,-4.55,18.00,dead,low,skip,feasibility_dead,0.1201,0.0000,0.00,0.00
6969,2026-04-24,Framber Valdez,7,NO,win,2.17,7.00,strong,high,fire,fire,0.5008,0.7310,200.00,62.00
6970,2026-04-24,Brayan Bello,6,NO,void,0.00,7.00,strong,high,fire,fire,0.5679,0.6658,200.00,0.00
6971,2026-04-24,Grant Holmes,6,NO,void,0.00,7.00,strong,high,fire,fire,0.3739,0.5935,200.00,0.00
6972,2026-04-24,Noah Cameron,6,NO,void,0.00,7.00,strong,high,fire,fire,0.4350,0.5560,200.00,0.00
6973,2026-04-24,Freddy Peralta,8,NO,loss,-4.69,7.00,strong,high,fire,fire,0.4375,0.6629,200.00,-134.00
6974,2026-04-24,Framber Valdez,8,NO,void,0.00,5.00,strong,high,fire,fire,0.6947,0.8738,200.00,0.00
6976,2026-04-24,Freddy Peralta,9,NO,void,0.00,5.00,strong,high,fire,fire,0.6290,0.8223,200.00,0.00
6977,2026-04-24,Paul Skenes,6,NO,void,0.00,27.00,strong,high,skip,insufficient_edge,0.0348,0.0904,0.00,0.00
6978,2026-04-24,Andrew Abbott,5,NO,void,0.00,18.00,strong,high,fire,fire,0.3970,0.7026,200.00,0.00
6979,2026-04-24,Brandon Woodruff,6,NO,win,15.86,26.00,strong,high,skip,insufficient_edge,0.0460,0.1003,0.00,0.00
6980,2026-04-24,Paul Skenes,7,NO,void,0.00,15.00,strong,high,fire,fire,0.3448,0.6103,200.00,0.00
6981,2026-04-24,Michael Lorenzen,4,NO,void,0.00,19.00,strong,high,skip,insufficient_edge,0.0783,0.1800,0.00,0.00
6982,2026-04-24,Max Scherzer,4,NO,void,0.00,17.00,strong,high,skip,insufficient_edge,0.0629,0.1230,0.00,0.00
6983,2026-04-24,Freddy Peralta,7,NO,void,0.00,15.00,strong,high,fire,fire,0.1343,0.2827,200.00,0.00
6984,2026-04-24,Framber Valdez,6,NO,void,0.00,14.00,strong,high,fire,fire,0.1901,0.3802,200.00,0.00
6985,2026-04-24,Brandon Woodruff,7,NO,win,4.59,12.00,strong,high,fire,fire,0.3850,0.5454,200.00,76.50
6986,2026-04-24,Paul Skenes,8,NO,void,0.00,10.00,strong,high,fire,fire,0.5670,0.8158,200.00,0.00
6987,2026-04-24,Michael Lorenzen,5,NO,void,0.00,10.00,strong,high,fire,fire,0.4424,0.6967,200.00,0.00
6988,2026-04-24,Gavin Williams,6,YES,loss,-5.49,12.00,strong,high,fire,fire,0.1552,0.2772,200.00,-91.50
6989,2026-04-24,Andrew Abbott,6,NO,win,2.00,8.00,strong,high,fire,fire,0.6634,0.8964,200.00,50.00
6990,2026-04-24,Framber Valdez,5,NO,win,10.88,17.00,viable,high,skip,insufficient_edge,-0.1140,0.0000,0.00,0.00
6991,2026-04-24,Brandon Woodruff,8,NO,void,0.00,9.00,strong,high,fire,fire,0.5907,0.7022,200.00,0.00
6992,2026-04-24,Brayan Bello,4,NO,win,9.65,16.00,viable,medium,fire,fire,0.1477,0.1620,162.02,97.72
6993,2026-04-24,Brayan Bello,5,NO,void,0.00,11.00,strong,high,fire,fire,0.2662,0.4077,200.00,0.00
6994,2026-04-24,Gavin Williams,7,YES,loss,-5.20,16.00,viable,high,fire,fire,0.1462,0.1695,169.54,-55.10
6995,2026-04-24,Noah Cameron,5,NO,void,0.00,12.00,strong,high,skip,insufficient_edge,0.0970,0.1736,0.00,0.00
6996,2026-04-24,Gavin Williams,8,YES,loss,-4.62,23.00,dead,low,skip,feasibility_dead,0.1403,0.0000,0.00,0.00
6997,2026-04-24,Michael Lorenzen,6,NO,void,0.00,7.00,strong,high,fire,fire,0.6733,0.8802,200.00,0.00
6998,2026-04-24,Grant Holmes,5,NO,win,6.05,11.00,strong,high,skip,insufficient_edge,0.0366,0.0814,0.00,0.00
7000,2026-04-24,Max Scherzer,5,NO,win,2.38,7.00,strong,high,fire,fire,0.4455,0.5826,200.00,68.00
7001,2026-04-24,Freddy Peralta,4,NO,loss,-5.17,54.00,dead,low,skip,feasibility_dead,0.1208,0.0000,0.00,0.00
7002,2026-04-24,Drew Rasmussen,7,YES,loss,-0.78,16.00,dead,low,skip,feasibility_dead,0.1201,0.0000,0.00,0.00
7003,2026-04-24,Framber Valdez,7,NO,win,1.86,6.00,strong,high,fire,fire,0.5008,0.7310,200.00,62.00
7004,2026-04-24,Brayan Bello,6,NO,void,0.00,6.00,strong,high,fire,fire,0.5679,0.6658,200.00,0.00
7005,2026-04-24,Grant Holmes,6,NO,void,0.00,6.00,strong,high,fire,fire,0.3739,0.5935,200.00,0.00
7006,2026-04-24,Noah Cameron,6,NO,void,0.00,6.00,strong,high,fire,fire,0.4350,0.5560,200.00,0.00
7007,2026-04-24,Freddy Peralta,8,NO,loss,-4.02,6.00,strong,high,fire,fire,0.4375,0.6629,200.00,-134.00
7008,2026-04-24,Framber Valdez,8,NO,void,0.00,5.00,strong,high,fire,fire,0.6947,0.8738,200.00,0.00
7010,2026-04-24,Freddy Peralta,9,NO,void,0.00,5.00,strong,high,fire,fire,0.6290,0.8223,200.00,0.00
7026,2026-04-25,Jeffrey Springs,6,YES,loss,-17.09,41.00,viable,high,fire,fire,0.3210,0.4109,200.00,-83.37
7027,2026-04-25,Walbert Urena,4,YES,loss,-7.88,33.00,viable,low,size_down,low_trust_size_down,0.4360,0.1332,133.18,-31.80
7028,2026-04-25,Cole Ragans,7,NO,loss,-16.88,61.00,strong,high,fire,fire,0.2175,0.3991,200.00,-55.34
7030,2026-04-25,Brady Singer,5,NO,win,14.77,69.00,strong,high,fire,fire,0.1216,0.2560,200.00,42.81
7031,2026-04-25,Walbert Urena,3,YES,win,2.07,14.00,viable,low,size_down,low_trust_size_down,0.3076,0.1456,145.59,21.53
7033,2026-04-25,Garrett Crochet,7,NO,loss,-167.51,30.00,strong,high,skip,insufficient_edge,0.0120,0.0328,0.00,0.00
7034,2026-04-25,Garrett Crochet,8,NO,win,64.64,22.00,strong,high,fire,fire,0.2921,0.5564,200.00,587.64
7035,2026-04-25,Matthew Liberatore,5,NO,win,7.65,19.00,strong,high,fire,fire,0.3604,0.6323,200.00,80.53
7036,2026-04-25,Ryan Weathers,8,YES,loss,-9.22,58.00,dead,low,skip,feasibility_dead,0.3092,0.0000,0.00,0.00
7037,2026-04-25,Joey Cantillo,5,NO,win,10.83,22.00,fragile,medium,skip,insufficient_edge,-0.0683,0.0000,0.00,0.00
7038,2026-04-25,Ryan Weathers,7,YES,loss,-8.83,29.00,viable,high,fire,fire,0.3065,0.3336,200.00,-60.90
7039,2026-04-25,Kevin Gausman,7,YES,loss,-8.53,28.00,dead,low,skip,feasibility_dead,0.0997,0.0000,0.00,0.00
7040,2026-04-25,Ryan Weathers,6,YES,loss,-8.24,18.00,strong,high,fire,fire,0.2741,0.4767,200.00,-91.56
7041,2026-04-25,Mitch Keller,5,NO,loss,-9.86,18.00,strong,high,skip,insufficient_edge,0.0794,0.1527,0.00,0.00
7042,2026-04-25,Kevin Gausman,8,YES,loss,-8.10,45.00,dead,low,skip,feasibility_dead,0.0914,0.0000,0.00,0.00
7043,2026-04-25,Kevin Gausman,6,YES,loss,-7.48,16.00,viable,high,skip,insufficient_edge,0.0761,0.1097,0.00,0.00
7044,2026-04-25,Germán Márquez,4,YES,loss,-7.56,24.00,viable,medium,fire,fire,0.2900,0.2720,200.00,-63.00
7045,2026-04-25,Jeffrey Springs,8,YES,loss,-7.52,59.00,dead,low,skip,feasibility_dead,0.3228,0.0000,0.00,0.00
7046,2026-04-25,Walbert Urena,7,YES,loss,-3.79,89.00,fragile,low,size_down,fragile_size_down,0.4746,0.0415,41.52,-1.77
7047,2026-04-25,Bryce Elder,6,YES,loss,-7.48,23.00,viable,high,fire,fire,0.3578,0.4090,200.00,-65.04
7048,2026-04-25,Jack Flaherty,6,NO,win,7.88,16.00,dead,low,skip,feasibility_dead,-0.2008,0.0000,0.00,0.00
7049,2026-04-25,Jeffrey Springs,6,YES,loss,-5.42,13.00,viable,high,fire,fire,0.3210,0.4109,200.00,-83.38
7050,2026-04-25,Walbert Urena,4,YES,loss,-2.63,11.00,viable,low,size_down,low_trust_size_down,0.4360,0.1332,133.18,-31.84
7051,2026-04-25,Cole Ragans,7,NO,loss,-5.28,32.00,strong,high,fire,fire,0.2175,0.3991,200.00,-33.00
7053,2026-04-25,Brady Singer,5,NO,win,4.92,34.00,strong,high,fire,fire,0.1216,0.2560,200.00,28.94
7054,2026-04-25,Walbert Urena,3,YES,win,0.74,5.00,viable,low,size_down,low_trust_size_down,0.3076,0.1456,145.59,21.55
7056,2026-04-25,Garrett Crochet,7,NO,loss,-4.09,10.00,strong,high,skip,insufficient_edge,0.0120,0.0328,0.00,0.00
7057,2026-04-25,Garrett Crochet,8,NO,win,3.16,7.00,strong,high,fire,fire,0.2921,0.5564,200.00,90.29
7058,2026-04-25,Matthew Liberatore,5,NO,win,2.41,6.00,strong,high,fire,fire,0.3604,0.6323,200.00,80.33
7059,2026-04-25,Ryan Weathers,8,YES,loss,-3.02,19.00,dead,low,skip,feasibility_dead,0.3092,0.0000,0.00,0.00
7060,2026-04-25,Joey Cantillo,5,NO,win,3.44,7.00,fragile,medium,skip,insufficient_edge,-0.0683,0.0000,0.00,0.00
7061,2026-04-25,Ryan Weathers,7,YES,loss,-2.74,9.00,viable,high,fire,fire,0.3065,0.3336,200.00,-60.89
7062,2026-04-25,Kevin Gausman,7,YES,loss,-2.74,9.00,dead,low,skip,feasibility_dead,0.0997,0.0000,0.00,0.00
7063,2026-04-25,Ryan Weathers,6,YES,loss,-2.75,6.00,strong,high,fire,fire,0.2741,0.4767,200.00,-91.67
7064,2026-04-25,Mitch Keller,5,NO,loss,-3.29,20.00,strong,high,skip,insufficient_edge,0.1044,0.1916,0.00,0.00
7065,2026-04-25,Kevin Gausman,8,YES,loss,-2.55,15.00,dead,low,skip,feasibility_dead,0.0914,0.0000,0.00,0.00
7066,2026-04-25,Kevin Gausman,6,YES,loss,-2.34,5.00,viable,high,skip,insufficient_edge,0.0761,0.1097,0.00,0.00
7067,2026-04-25,Germán Márquez,4,YES,loss,-2.52,8.00,viable,medium,fire,fire,0.2900,0.2720,200.00,-63.00
7068,2026-04-25,Jeffrey Springs,8,YES,loss,-2.23,19.00,dead,low,skip,feasibility_dead,0.3228,0.0000,0.00,0.00
7069,2026-04-25,Walbert Urena,7,YES,loss,-1.09,29.00,fragile,low,size_down,fragile_size_down,0.4746,0.0415,41.52,-1.56
7070,2026-04-25,Bryce Elder,6,YES,loss,-2.28,7.00,viable,high,fire,fire,0.3578,0.4090,200.00,-65.14
7071,2026-04-25,Jack Flaherty,6,NO,win,2.46,5.00,dead,low,skip,feasibility_dead,-0.2008,0.0000,0.00,0.00
7080,2026-04-25,Cole Ragans,5,NO,loss,-40.53,136.00,fragile,medium,skip,insufficient_edge,-0.3647,0.0000,0.00,0.00
7081,2026-04-25,Cole Ragans,6,NO,loss,-39.71,88.00,strong,high,skip,insufficient_edge,-0.0862,0.0000,0.00,0.00
7084,2026-04-25,Cole Ragans,8,NO,loss,-25.99,37.00,strong,high,fire,fire,0.4742,0.6873,200.00,-140.49
7085,2026-04-25,Cole Ragans,5,NO,loss,-20.07,70.00,fragile,medium,skip,insufficient_edge,-0.3647,0.0000,0.00,0.00
7086,2026-04-25,Cole Ragans,6,NO,loss,-20.50,46.00,strong,high,skip,insufficient_edge,-0.0862,0.0000,0.00,0.00
7089,2026-04-25,Cole Ragans,8,NO,loss,-13.30,19.00,strong,high,fire,fire,0.4742,0.6873,200.00,-140.00
7090,2026-04-25,Brady Singer,6,NO,win,4.72,16.00,strong,high,fire,fire,0.4586,0.6895,200.00,59.00
7095,2026-04-25,Jeffrey Springs,7,YES,loss,-16.63,75.00,dead,low,skip,feasibility_dead,0.3566,0.0000,0.00,0.00
7483,2026-04-26,Keider Montero,5,YES,win,38.67,77.00,dead,low,skip,feasibility_dead,0.1687,0.0000,0.00,0.00
7484,2026-04-26,Keider Montero,5,YES,win,13.56,27.00,dead,low,skip,feasibility_dead,0.1687,0.0000,0.00,0.00
7485,2026-04-26,Aaron Nola,5,YES,win,12.49,31.00,strong,high,fire,fire,0.1642,0.3820,200.00,80.58
7486,2026-04-26,Aaron Nola,6,YES,win,22.16,38.00,strong,high,fire,fire,0.1970,0.3257,200.00,116.63
7487,2026-04-26,Aaron Nola,8,YES,loss,-11.58,78.00,dead,low,skip,feasibility_dead,0.2010,0.0000,0.00,0.00
7488,2026-04-26,Aaron Nola,5,YES,win,4.43,11.00,strong,high,fire,fire,0.1642,0.3820,200.00,80.55
7489,2026-04-26,Aaron Nola,6,YES,win,7.58,13.00,strong,high,fire,fire,0.1970,0.3257,200.00,116.62
7490,2026-04-26,Aaron Nola,8,YES,loss,-4.01,27.00,dead,low,skip,feasibility_dead,0.2010,0.0000,0.00,0.00
7491,2026-04-26,Slade Cecconi,4,YES,win,14.37,31.00,strong,high,fire,fire,0.1769,0.3647,200.00,92.71
7492,2026-04-26,Slade Cecconi,5,YES,win,27.48,42.00,dead,low,skip,feasibility_dead,0.2005,0.0000,0.00,0.00
7493,2026-04-26,Slade Cecconi,6,YES,loss,-10.85,57.00,dead,low,skip,feasibility_dead,0.1739,0.0000,0.00,0.00
7494,2026-04-26,Slade Cecconi,4,YES,win,5.28,11.00,strong,high,fire,fire,0.1769,0.3647,200.00,96.00
7495,2026-04-26,Slade Cecconi,5,YES,win,9.16,14.00,dead,low,skip,feasibility_dead,0.2005,0.0000,0.00,0.00
7496,2026-04-26,Slade Cecconi,6,YES,loss,-3.81,20.00,dead,low,skip,feasibility_dead,0.1739,0.0000,0.00,0.00
7497,2026-04-26,Spencer Arrighetti,6,YES,win,24.66,52.00,strong,high,fire,fire,0.2947,0.3968,200.00,94.85
7498,2026-04-26,Spencer Arrighetti,7,YES,win,42.37,68.00,viable,medium,fire,fire,0.3369,0.2775,200.00,124.62
7499,2026-04-26,Spencer Arrighetti,8,YES,win,76.08,101.00,dead,low,skip,feasibility_dead,0.3445,0.0000,0.00,0.00
7500,2026-04-26,Spencer Arrighetti,6,YES,win,8.54,18.00,strong,high,fire,fire,0.2947,0.3968,200.00,94.89
7501,2026-04-26,Spencer Arrighetti,7,YES,win,14.33,23.00,viable,medium,fire,fire,0.3369,0.2775,200.00,124.61
7502,2026-04-26,Spencer Arrighetti,8,YES,win,26.37,35.00,dead,low,skip,feasibility_dead,0.3445,0.0000,0.00,0.00
7503,2026-04-26,Kumar Rocker,5,YES,loss,-11.04,24.00,strong,high,fire,fire,0.1415,0.2207,200.00,-92.00
7504,2026-04-26,Kumar Rocker,6,YES,loss,-10.26,38.00,dead,low,skip,feasibility_dead,0.1705,0.0000,0.00,0.00
7505,2026-04-26,Kumar Rocker,7,YES,loss,-8.40,60.00,dead,low,skip,feasibility_dead,0.1640,0.0000,0.00,0.00
7506,2026-04-26,Kumar Rocker,5,YES,loss,-3.68,8.00,strong,high,fire,fire,0.1415,0.2207,200.00,-92.00
7507,2026-04-26,Kumar Rocker,6,YES,loss,-3.51,13.00,dead,low,skip,feasibility_dead,0.1705,0.0000,0.00,0.00
7508,2026-04-26,Kumar Rocker,7,YES,loss,-2.94,21.00,dead,low,skip,feasibility_dead,0.1640,0.0000,0.00,0.00
7509,2026-04-26,J.T. Ginn,5,YES,loss,-41.40,92.00,viable,medium,fire,fire,0.2068,0.2512,200.00,-90.00
7510,2026-04-26,J.T. Ginn,5,YES,loss,-14.40,32.00,viable,medium,fire,fire,0.2068,0.2512,200.00,-90.00
7511,2026-04-26,Kyle Harrison,6,NO,loss,-34.02,63.00,strong,high,skip,insufficient_edge,0.0509,0.0951,0.00,0.00
7512,2026-04-26,Kyle Harrison,6,NO,loss,-11.88,22.00,strong,high,skip,insufficient_edge,0.0509,0.0951,0.00,0.00
7513,2026-04-26,Carmen Mlodzinski,5,YES,loss,-14.28,28.00,strong,high,fire,fire,0.1637,0.2783,200.00,-102.00
7514,2026-04-26,Carmen Mlodzinski,6,YES,loss,-12.87,39.00,viable,medium,fire,fire,0.1939,0.1925,192.50,-63.52
7515,2026-04-26,Carmen Mlodzinski,7,YES,loss,-10.26,54.00,dead,low,skip,feasibility_dead,0.1878,0.0000,0.00,0.00
7516,2026-04-26,Carmen Mlodzinski,5,YES,loss,-5.30,10.00,strong,high,fire,fire,0.1437,0.2544,200.00,-106.00
7517,2026-04-26,Carmen Mlodzinski,6,YES,loss,-4.29,13.00,viable,medium,fire,fire,0.1939,0.1925,192.50,-63.52
7518,2026-04-26,Carmen Mlodzinski,7,YES,loss,-3.61,19.00,dead,low,skip,feasibility_dead,0.1878,0.0000,0.00,0.00
7519,2026-04-26,Kyle Bradish,8,YES,loss,-12.37,47.00,dead,low,skip,feasibility_dead,0.1731,0.0000,0.00,0.00
7520,2026-04-26,Kyle Bradish,7,YES,loss,-11.96,28.00,viable,high,fire,fire,0.1322,0.1778,177.78,-75.94
7521,2026-04-26,Kyle Bradish,9,YES,loss,-9.86,62.00,dead,low,skip,feasibility_dead,0.1506,0.0000,0.00,0.00
7522,2026-04-26,Kyle Bradish,8,YES,loss,-9.48,36.00,dead,low,skip,feasibility_dead,0.1731,0.0000,0.00,0.00
7523,2026-04-26,Kyle Bradish,7,YES,loss,-8.76,21.00,viable,high,fire,fire,0.1322,0.1778,177.78,-74.16
7524,2026-04-26,Kyle Bradish,9,YES,loss,-7.47,47.00,dead,low,skip,feasibility_dead,0.1506,0.0000,0.00,0.00
7525,2026-04-26,Connelly Early,6,YES,loss,-15.60,32.00,viable,high,fire,fire,0.1475,0.2205,200.00,-97.50
7526,2026-04-26,Connelly Early,7,YES,loss,-13.65,42.00,dead,low,skip,feasibility_dead,0.1635,0.0000,0.00,0.00
7527,2026-04-26,Connelly Early,8,YES,loss,-11.42,60.00,dead,low,skip,feasibility_dead,0.1612,0.0000,0.00,0.00
7528,2026-04-26,Connelly Early,6,YES,loss,-11.70,24.00,viable,high,fire,fire,0.1475,0.2205,200.00,-97.50
7529,2026-04-26,Connelly Early,7,YES,loss,-10.08,31.00,dead,low,skip,feasibility_dead,0.1635,0.0000,0.00,0.00
7530,2026-04-26,Connelly Early,8,YES,loss,-8.63,46.00,dead,low,skip,feasibility_dead,0.1612,0.0000,0.00,0.00
7531,2026-04-26,Ryne Nelson,4,YES,win,27.98,51.00,strong,high,fire,fire,0.2592,0.4357,200.00,109.73
7532,2026-04-26,Ryne Nelson,5,YES,loss,-17.16,78.00,dead,low,skip,feasibility_dead,0.2834,0.0000,0.00,0.00
7533,2026-04-26,Ryne Nelson,6,YES,loss,-12.80,128.00,dead,low,skip,feasibility_dead,0.2427,0.0000,0.00,0.00
7534,2026-04-26,Ryne Nelson,4,YES,win,20.85,38.00,strong,high,fire,fire,0.2592,0.4357,200.00,109.74
7535,2026-04-26,Ryne Nelson,5,YES,loss,-12.98,59.00,dead,low,skip,feasibility_dead,0.2834,0.0000,0.00,0.00
7536,2026-04-26,Ryne Nelson,6,YES,loss,-9.70,97.00,dead,low,skip,feasibility_dead,0.2427,0.0000,0.00,0.00
7537,2026-04-26,Michael King,4,YES,win,29.50,61.00,strong,high,fire,fire,0.3436,0.6545,200.00,96.72
7538,2026-04-26,Michael King,5,YES,win,44.86,72.00,strong,high,fire,fire,0.3586,0.5312,200.00,124.61
7539,2026-04-26,Michael King,6,YES,win,61.01,109.00,viable,high,fire,fire,0.3617,0.3486,200.00,111.94
7540,2026-04-26,Michael King,4,YES,win,22.25,46.00,strong,high,fire,fire,0.3436,0.6545,200.00,96.74
7541,2026-04-26,Michael King,5,YES,win,34.27,55.00,strong,high,fire,fire,0.3586,0.5312,200.00,124.62
7542,2026-04-26,Michael King,6,YES,win,61.01,82.00,viable,high,fire,fire,0.3417,0.3375,200.00,148.80
7543,2026-04-26,Max Meyer,5,YES,win,28.10,53.00,strong,high,fire,fire,0.2763,0.4805,200.00,106.04
7544,2026-04-26,Max Meyer,6,YES,loss,-18.48,66.00,viable,high,fire,fire,0.2874,0.3128,200.00,-56.00
7545,2026-04-26,Max Meyer,7,YES,loss,-21.28,91.00,dead,low,skip,feasibility_dead,0.2609,0.0000,0.00,0.00
7546,2026-04-26,Max Meyer,5,YES,win,21.20,40.00,strong,high,fire,fire,0.2763,0.4805,200.00,106.00
7547,2026-04-26,Max Meyer,6,YES,loss,-14.00,50.00,viable,high,fire,fire,0.2874,0.3128,200.00,-56.00
7548,2026-04-26,Max Meyer,7,YES,loss,-12.42,69.00,dead,low,skip,feasibility_dead,0.2259,0.0000,0.00,0.00
7551,2026-04-26,Shota Imanaga,6,YES,win,35.71,64.00,viable,high,fire,fire,0.1304,0.1725,172.48,96.24
7552,2026-04-26,Shota Imanaga,6,YES,win,26.78,48.00,viable,high,fire,fire,0.1304,0.1725,172.48,96.23
7553,2026-04-26,Aaron Nola,4,YES,void,0.00,100.00,strong,high,fire,fire,0.2137,0.5935,200.00,0.00
7554,2026-04-26,Aaron Nola,4,YES,void,0.00,100.00,strong,high,fire,fire,0.2137,0.5935,200.00,0.00
7555,2026-04-26,Justin Wrobleski,5,YES,win,51.56,84.00,dead,low,skip,feasibility_dead,0.1401,0.0000,0.00,0.00
7556,2026-04-26,Justin Wrobleski,5,YES,win,0.00,64.00,dead,low,skip,feasibility_dead,0.1401,0.0000,0.00,0.00
8466,2026-04-27,Parker Messick,5,YES,win,40.56,53.00,strong,high,fire,fire,0.1630,0.3292,200.00,153.06
8467,2026-04-27,Parker Messick,6,YES,win,74.15,66.00,strong,high,fire,fire,0.1848,0.2780,200.00,224.70
8468,2026-04-27,Parker Messick,5,YES,win,24.15,53.00,strong,high,fire,fire,0.1630,0.3292,200.00,91.13
8469,2026-04-27,Parker Messick,6,YES,win,40.51,66.00,strong,high,fire,fire,0.1848,0.2780,200.00,122.76
8474,2026-04-27,Luis Castillo,5,YES,loss,-51.15,58.00,viable,high,fire,fire,0.2135,0.3451,200.00,-176.38
8475,2026-04-27,Luis Castillo,6,YES,loss,-40.80,76.00,fragile,medium,size_down,fragile_size_down,0.2179,0.0676,67.57,-36.28
8476,2026-04-27,Luis Castillo,5,YES,loss,-29.07,57.00,viable,high,fire,fire,0.2135,0.3451,200.00,-102.00
8477,2026-04-27,Luis Castillo,6,YES,loss,-27.00,75.00,fragile,medium,size_down,fragile_size_down,0.2179,0.0676,67.57,-24.33
8488,2026-04-27,Anthony Kay,4,YES,loss,-37.70,40.00,strong,high,skip,insufficient_edge,0.1179,0.2357,0.00,0.00
8489,2026-04-27,Anthony Kay,5,YES,loss,-31.54,52.00,fragile,low,size_down,fragile_size_down,0.1416,0.0385,38.52,-23.37
8490,2026-04-27,Anthony Kay,4,YES,loss,-23.20,40.00,strong,high,skip,insufficient_edge,0.1179,0.2357,0.00,0.00
8491,2026-04-27,Anthony Kay,5,YES,loss,-19.38,51.00,fragile,low,size_down,fragile_size_down,0.1416,0.0385,38.52,-14.64
8492,2026-04-27,Jack Kochanowicz,3,YES,win,10.68,35.00,strong,high,fire,fire,0.1571,0.5417,200.00,61.03
8493,2026-04-27,Jack Kochanowicz,4,YES,win,21.15,45.00,strong,high,fire,fire,0.2082,0.4337,200.00,94.00
8494,2026-04-27,Jack Kochanowicz,5,YES,win,50.40,72.00,dead,low,skip,feasibility_dead,0.2793,0.0000,0.00,0.00
8495,2026-04-27,Jack Kochanowicz,6,YES,loss,-3.84,99.00,dead,low,skip,feasibility_dead,0.2371,0.0000,0.00,0.00
8496,2026-04-27,Jack Kochanowicz,3,YES,win,9.11,35.00,strong,high,fire,fire,0.1571,0.5417,200.00,52.06
8497,2026-04-27,Jack Kochanowicz,4,YES,void,0.00,42.00,strong,high,fire,fire,0.2082,0.4337,200.00,0.00
8498,2026-04-27,Jack Kochanowicz,5,YES,void,0.00,67.00,dead,low,skip,feasibility_dead,0.2793,0.0000,0.00,0.00
8499,2026-04-27,Jack Kochanowicz,6,YES,void,0.00,93.00,dead,low,skip,feasibility_dead,0.2371,0.0000,0.00,0.00
8500,2026-04-27,Jack Leiter,6,YES,loss,-58.30,53.00,strong,high,fire,fire,0.1305,0.2869,200.00,-220.00
8501,2026-04-27,Jack Leiter,6,YES,loss,-29.15,53.00,strong,high,fire,fire,0.1305,0.2869,200.00,-110.00
8502,2026-04-27,Max Fried,6,YES,loss,-9.12,52.00,viable,high,fire,fire,0.1423,0.2617,200.00,-35.08
8503,2026-04-27,Max Fried,6,YES,loss,-29.07,51.00,viable,high,fire,fire,0.1423,0.2617,200.00,-114.00
8504,2026-04-27,Matthew Boyd,5,YES,loss,-29.64,52.00,strong,high,fire,fire,0.1246,0.2434,200.00,-114.00
8507,2026-04-27,Randy Vásquez,5,YES,loss,-29.40,70.00,dead,low,skip,feasibility_dead,0.1412,0.0000,0.00,0.00
8511,2026-04-27,Matthew Boyd,6,YES,loss,-26.91,69.00,viable,medium,fire,fire,0.1598,0.1766,176.63,-68.89
8512,2026-04-27,Chris Paddack,3,YES,loss,-26.18,32.00,strong,high,fire,fire,0.1688,0.5519,200.00,-163.63
8516,2026-04-27,Chris Paddack,4,YES,loss,-19.84,32.00,strong,high,fire,fire,0.1928,0.4203,200.00,-124.00
8518,2026-04-27,Chris Paddack,5,YES,loss,-18.00,45.00,viable,medium,fire,fire,0.2717,0.3028,200.00,-80.00
8519,2026-04-27,Chris Paddack,6,YES,loss,-14.00,56.00,dead,low,skip,feasibility_dead,0.2616,0.0000,0.00,0.00
8520,2026-04-27,Randy Vásquez,5,YES,loss,-29.40,70.00,dead,low,skip,feasibility_dead,0.1412,0.0000,0.00,0.00
8523,2026-04-27,Matthew Boyd,5,YES,loss,-29.07,51.00,strong,high,fire,fire,0.1246,0.2434,200.00,-114.00
8527,2026-04-27,Matthew Boyd,6,YES,loss,-26.91,69.00,viable,medium,fire,fire,0.1598,0.1766,176.63,-68.89
8528,2026-04-27,Chris Paddack,3,YES,loss,-26.18,22.00,strong,high,fire,fire,0.1688,0.5519,200.00,-238.00
8532,2026-04-27,Chris Paddack,4,YES,loss,-19.84,32.00,strong,high,fire,fire,0.1928,0.4203,200.00,-124.00
8534,2026-04-27,Chris Paddack,5,YES,loss,-18.00,45.00,viable,medium,fire,fire,0.2717,0.3028,200.00,-80.00
8535,2026-04-27,Chris Paddack,6,YES,void,0.00,56.00,dead,low,skip,feasibility_dead,0.2616,0.0000,0.00,0.00
8536,2026-04-27,Dylan Cease,8,YES,loss,-25.85,55.00,strong,high,fire,fire,0.3407,0.6369,200.00,-94.00
8537,2026-04-27,Dylan Cease,9,YES,loss,-25.84,68.00,fragile,medium,size_down,fragile_size_down,0.3459,0.1107,110.68,-42.06
8538,2026-04-27,Dylan Cease,10,YES,loss,-24.25,97.00,dead,low,skip,feasibility_dead,0.3814,0.0000,0.00,0.00
8539,2026-04-27,Dylan Cease,9,YES,loss,-17.10,45.00,fragile,medium,size_down,fragile_size_down,0.3459,0.1107,110.68,-42.06
8540,2026-04-27,Dylan Cease,8,YES,loss,-16.92,36.00,strong,high,fire,fire,0.3407,0.6369,200.00,-94.00
8541,2026-04-27,Dylan Cease,10,YES,loss,-16.00,64.00,dead,low,skip,feasibility_dead,0.3814,0.0000,0.00,0.00
8874,2026-04-28,Nick Martinez,5,YES,loss,-0.62,117.00,dead,low,skip,feasibility_dead,0.1923,0.0000,0.00,0.00
8875,2026-04-28,Nick Martinez,5,YES,loss,-14.88,77.00,dead,low,skip,feasibility_dead,0.1923,0.0000,0.00,0.00
8876,2026-04-28,Payton Tolle,6,YES,loss,-37.31,91.00,viable,low,size_down,low_trust_size_down,0.2834,0.0794,79.36,-32.54
8877,2026-04-28,Payton Tolle,7,YES,loss,-35.19,153.00,viable,low,size_down,low_trust_size_down,0.3534,0.0742,74.21,-17.07
8878,2026-04-28,Casey Mize,6,YES,loss,-49.28,154.00,viable,high,fire,fire,0.2249,0.2552,200.00,-64.00
8879,2026-04-28,Casey Mize,6,YES,void,0.00,108.00,viable,high,fire,fire,0.2249,0.2552,200.00,0.00
8880,2026-04-28,Kai-Wei Teng,4,YES,loss,-35.20,88.00,viable,low,size_down,low_trust_size_down,0.4793,0.1331,133.10,-53.24
8881,2026-04-28,Kai-Wei Teng,6,YES,loss,-29.70,198.00,viable,low,size_down,low_trust_size_down,0.5312,0.0992,99.15,-14.87
8882,2026-04-28,Kai-Wei Teng,4,YES,loss,-25.60,64.00,viable,low,size_down,low_trust_size_down,0.4793,0.1331,133.10,-53.24
8883,2026-04-28,Kai-Wei Teng,6,YES,loss,-21.75,145.00,viable,low,size_down,low_trust_size_down,0.5312,0.0992,99.15,-14.87
8884,2026-04-28,Chad Patrick,5,YES,win,9.23,85.00,dead,low,skip,feasibility_dead,0.1382,0.0000,0.00,0.00
8885,2026-04-28,Chad Patrick,5,YES,void,0.00,62.00,dead,low,skip,feasibility_dead,0.1382,0.0000,0.00,0.00
8886,2026-04-28,José Soriano,7,YES,loss,-54.00,135.00,viable,high,fire,fire,0.2198,0.2906,200.00,-80.00
8887,2026-04-28,José Soriano,7,YES,loss,-39.60,99.00,viable,high,fire,fire,0.2198,0.2906,200.00,-80.00
8888,2026-04-28,Cam Schlittler,7,YES,win,68.08,122.00,viable,high,fire,fire,0.2113,0.2794,200.00,111.61
8889,2026-04-28,Cam Schlittler,7,YES,win,50.22,90.00,viable,high,fire,fire,0.2113,0.2794,200.00,111.60
8890,2026-04-28,Merrill Kelly,6,YES,loss,-29.58,88.00,viable,medium,fire,fire,0.2067,0.1457,145.74,-48.99
8891,2026-04-28,Merrill Kelly,6,YES,loss,0.00,120.00,viable,medium,fire,fire,0.2067,0.1457,145.74,0.00
8892,2026-04-28,Kris Bubic,7,YES,loss,-28.22,83.00,viable,high,fire,fire,0.3428,0.4004,200.00,-68.00
8893,2026-04-28,Kris Bubic,7,YES,loss,-11.90,64.00,viable,high,fire,fire,0.3428,0.4004,200.00,-37.19
8894,2026-04-28,Kris Bubic,8,YES,loss,0.00,107.00,dead,low,skip,feasibility_dead,0.3255,0.0000,0.00,0.00
8895,2026-04-28,Kris Bubic,8,YES,loss,0.00,82.00,dead,low,skip,feasibility_dead,0.3255,0.0000,0.00,0.00
8900,2026-04-28,Walker Buehler,5,YES,loss,-9.92,102.00,dead,low,skip,feasibility_dead,0.1973,0.0000,0.00,0.00
8901,2026-04-28,Walker Buehler,5,YES,loss,0.00,72.00,dead,low,skip,feasibility_dead,0.1973,0.0000,0.00,0.00
9110,2026-04-29,Gavin Williams,7,YES,win,38.35,59.00,strong,high,fire,fire,0.2383,0.3584,200.00,130.00
9111,2026-04-29,Gavin Williams,7,YES,win,57.20,88.00,strong,high,fire,fire,0.2383,0.3584,200.00,130.00
9112,2026-04-29,Drew Rasmussen,5,YES,win,14.56,28.00,strong,high,fire,fire,0.1743,0.3320,200.00,104.00
9113,2026-04-29,Drew Rasmussen,5,YES,win,9.88,19.00,strong,high,fire,fire,0.1743,0.3320,200.00,104.00
9114,2026-04-29,Drew Rasmussen,6,YES,win,30.53,43.00,viable,high,fire,fire,0.2178,0.2403,200.00,142.00
9115,2026-04-29,Drew Rasmussen,6,YES,win,20.59,29.00,viable,high,fire,fire,0.2178,0.2403,200.00,142.00
9116,2026-04-29,Taj Bradley,7,YES,win,14.30,51.00,dead,low,skip,feasibility_dead,0.1419,0.0000,0.00,0.00
9118,2026-04-29,Taj Bradley,7,NO,loss,-7.26,1.00,viable,high,fire,fire,0.1681,0.2053,200.00,-1452.00
9119,2026-04-29,George Kirby,6,YES,loss,-12.71,32.00,dead,low,skip,feasibility_dead,0.1634,0.0000,0.00,0.00
9120,2026-04-29,George Kirby,6,YES,loss,-8.61,21.00,dead,low,skip,feasibility_dead,0.1634,0.0000,0.00,0.00
9121,2026-04-29,George Kirby,6,NO,win,-12.09,1.00,viable,high,skip,insufficient_edge,0.0366,0.0488,0.00,0.00
9122,2026-04-29,George Kirby,7,YES,loss,-10.40,40.00,dead,low,skip,feasibility_dead,0.1671,0.0000,0.00,0.00
9123,2026-04-29,Erick Fedde,5,YES,win,26.95,46.00,fragile,low,size_down,fragile_size_down,0.2212,0.0488,48.79,28.58
9124,2026-04-29,Erick Fedde,5,YES,win,39.26,67.00,fragile,low,size_down,fragile_size_down,0.2212,0.0488,48.79,28.59
9125,2026-04-29,Yusei Kikuchi,7,YES,loss,-19.84,64.00,viable,high,fire,fire,0.2811,0.3235,200.00,-62.00
9126,2026-04-29,Yusei Kikuchi,7,YES,loss,-1.86,93.00,viable,high,fire,fire,0.2811,0.3235,200.00,-4.00
9127,2026-04-29,Nathan Eovaldi,7,YES,win,10.20,45.00,dead,low,skip,feasibility_dead,0.1389,0.0000,0.00,0.00
9128,2026-04-29,Nathan Eovaldi,7,YES,win,0.00,31.00,dead,low,skip,feasibility_dead,0.1389,0.0000,0.00,0.00
9129,2026-04-29,Tyler Glasnow,8,YES,win,38.35,66.00,viable,high,fire,fire,0.2286,0.3048,200.00,116.21
9130,2026-04-29,Tyler Glasnow,8,YES,win,27.14,46.00,viable,high,fire,fire,0.2286,0.3048,200.00,118.00
9131,2026-04-29,Tyler Glasnow,8,NO,loss,-25.35,1.00,dead,low,skip,feasibility_dead,-0.0286,0.0000,0.00,0.00
9132,2026-04-29,Matt Waldron,4,YES,loss,-10.92,21.00,strong,medium,fire,fire,0.2783,0.3312,200.00,-104.00
9133,2026-04-29,Matt Waldron,5,YES,loss,-9.30,31.00,viable,medium,fire,fire,0.3286,0.2219,200.00,-60.00
9134,2026-04-29,Jameson Taillon,5,YES,win,22.23,39.00,strong,high,fire,fire,0.2081,0.3619,200.00,114.00
9135,2026-04-29,Jameson Taillon,5,YES,win,-23.22,54.00,strong,high,fire,fire,0.2081,0.3619,200.00,-86.00
9139,2026-04-29,Tomoyuki Sugano,5,YES,loss,-8.16,24.00,dead,low,skip,feasibility_dead,0.1362,0.0000,0.00,0.00
9140,2026-04-29,Tomoyuki Sugano,5,YES,loss,-10.54,31.00,dead,low,skip,feasibility_dead,0.1362,0.0000,0.00,0.00
9173,2026-04-29,David Peterson,7,YES,loss,-28.50,114.00,fragile,low,size_down,fragile_size_down,0.2710,0.0515,51.53,-12.88
9174,2026-04-29,David Peterson,7,YES,loss,-19.75,79.00,fragile,low,size_down,fragile_size_down,0.2710,0.0515,51.53,-12.88
9177,2026-04-29,Andre Pallante,6,YES,win,54.41,75.00,dead,low,skip,feasibility_dead,0.2709,0.0000,0.00,0.00
9178,2026-04-29,Andre Pallante,6,YES,win,80.52,111.00,dead,low,skip,feasibility_dead,0.2709,0.0000,0.00,0.00
9207,2026-04-29,Brandon Sproat,5,YES,win,31.55,53.00,viable,medium,fire,fire,0.1583,0.1656,165.58,98.57
9208,2026-04-29,Brandon Sproat,5,YES,win,20.83,35.00,viable,medium,fire,fire,0.1583,0.1656,165.58,98.54
9295,2026-04-29,Luis Severino,6,YES,win,31.62,50.00,viable,high,fire,fire,0.3025,0.3457,200.00,126.48
9296,2026-04-29,Luis Severino,6,YES,win,17.07,27.00,viable,high,fire,fire,0.3025,0.3457,200.00,126.44
9297,2026-04-29,Luis Severino,7,YES,win,54.14,71.00,dead,low,skip,feasibility_dead,0.2878,0.0000,0.00,0.00
9299,2026-04-29,Michael Wacha,6,YES,loss,-17.94,103.00,viable,high,fire,fire,0.3255,0.3382,200.00,-34.83
9300,2026-04-29,Michael Wacha,6,YES,loss,-15.08,58.00,viable,high,fire,fire,0.3255,0.3382,200.00,-52.00
9341,2026-04-29,Michael Wacha,7,NO,win,1.42,100.00,strong,high,skip,insufficient_edge,-0.3791,0.0000,0.00,0.00
9342,2026-04-29,Michael Wacha,8,NO,win,0.42,100.00,strong,high,skip,insufficient_edge,-0.2717,0.0000,0.00,0.00
9362,2026-04-30,Bryce Elder,6,YES,loss,-40.25,115.00,dead,low,skip,feasibility_dead,0.2513,0.0000,0.00,0.00
9363,2026-04-30,Bryce Elder,6,YES,loss,-22.05,63.00,dead,low,skip,feasibility_dead,0.2513,0.0000,0.00,0.00
9388,2026-04-30,Chris Bassitt,5,NO,loss,-30.96,72.00,strong,high,fire,fire,0.4600,0.8141,200.00,-86.00
9389,2026-04-30,Chris Bassitt,5,NO,loss,-16.77,39.00,strong,high,fire,fire,0.4600,0.8141,200.00,-86.00
9390,2026-04-30,Lance McCullers Jr.,6,YES,loss,44.88,66.00,viable,high,fire,fire,0.3719,0.4190,200.00,136.00
9391,2026-04-30,Lance McCullers Jr.,6,YES,loss,81.60,120.00,viable,high,fire,fire,0.3719,0.4190,200.00,136.00
9392,2026-04-30,Peter Lambert,6,YES,loss,-39.00,56.00,viable,medium,fire,fire,0.3697,0.2607,200.00,-139.29
9393,2026-04-30,Peter Lambert,6,YES,loss,-21.45,30.00,viable,medium,fire,fire,0.3697,0.2607,200.00,-143.00
9394,2026-04-30,Peter Lambert,7,YES,loss,-16.72,76.00,fragile,low,size_down,fragile_size_down,0.3714,0.0549,54.91,-12.08
9395,2026-04-30,Peter Lambert,7,YES,loss,-9.02,41.00,fragile,low,size_down,fragile_size_down,0.3714,0.0549,54.91,-12.08
9396,2026-04-30,Jeffrey Springs,6,YES,loss,-9.90,33.00,strong,high,fire,fire,0.3181,0.4511,200.00,-60.00
9397,2026-04-30,Jeffrey Springs,6,YES,loss,-18.30,61.00,strong,high,fire,fire,0.3181,0.4511,200.00,-60.00
9398,2026-04-30,Jeffrey Springs,7,YES,loss,-8.55,57.00,dead,low,skip,feasibility_dead,0.3241,0.0000,0.00,0.00
9399,2026-04-30,Jeffrey Springs,7,YES,loss,-15.45,103.00,dead,low,skip,feasibility_dead,0.3241,0.0000,0.00,0.00
9424,2026-04-30,Bailey Ober,6,YES,loss,-13.02,157.00,viable,high,fire,fire,0.3191,0.3211,200.00,-16.59
9425,2026-04-30,Bailey Ober,6,YES,loss,0.00,85.00,viable,high,fire,fire,0.3191,0.3211,200.00,0.00
9426,2026-04-30,Kevin Gausman,7,YES,loss,-21.12,66.00,dead,low,skip,feasibility_dead,0.1815,0.0000,0.00,0.00
9427,2026-04-30,Kevin Gausman,7,YES,loss,-11.52,36.00,dead,low,skip,feasibility_dead,0.1815,0.0000,0.00,0.00