config,bet_id,bet_date,logged_at,account_id,pitcher_name,strike,side,bet_size,pnl,result,gateway_ok,reject_reason,reject_context_short
sweep-350,5,2026-04-20,2026-04-20T14:19:05.456Z,adam,Sonny Gray,5,NO,100,57,win,true,,""
sweep-350,6,2026-04-20,2026-04-20T14:19:05.456Z,adam,Sonny Gray,6,NO,100,40.5,win,true,,""
sweep-350,7,2026-04-20,2026-04-20T14:19:05.456Z,adam,Sonny Gray,4,NO,100,74,win,true,,""
sweep-350,12,2026-04-20,2026-04-20T14:19:05.456Z,adam,Sonny Gray,3,NO,100,89.5,win,true,,""
sweep-350,23,2026-04-20,2026-04-20T14:19:05.456Z,adam,Sonny Gray,7,NO,100,24,win,true,,""
sweep-350,34,2026-04-20,2026-04-20T14:19:05.456Z,adam,Jack Flaherty,8,YES,100,-21.5,loss,true,,""
sweep-350,36,2026-04-20,2026-04-20T14:19:05.456Z,adam,Jack Flaherty,10,YES,100,-4.5,loss,true,,""
sweep-350,38,2026-04-20,2026-04-20T14:19:05.456Z,adam,Jack Flaherty,9,YES,100,-11.5,loss,true,,""
sweep-350,41,2026-04-20,2026-04-20T14:19:05.456Z,adam,Dylan Cease,6,YES,100,24.5,win,true,,""
sweep-350,43,2026-04-20,2026-04-20T14:19:05.456Z,adam,J.T. Ginn,5,NO,100,-54.5,loss,true,,""
sweep-350,44,2026-04-20,2026-04-20T14:19:05.456Z,adam,Colin Rea,5,NO,100,-57,loss,true,,""
sweep-350,45,2026-04-20,2026-04-20T14:19:05.456Z,adam,Justin Wrobleski,7,YES,100,-12.5,loss,true,,""
sweep-350,47,2026-04-20,2026-04-20T14:19:05.456Z,adam,Spencer Arrighetti,10,YES,100,-4.5,loss,true,,""
sweep-350,48,2026-04-20,2026-04-20T14:19:05.456Z,adam,Justin Wrobleski,6,YES,100,-26.5,loss,true,,""
sweep-350,49,2026-04-20,2026-04-20T14:19:05.456Z,adam,Jack Flaherty,7,YES,100,-39.5,loss,true,,""
sweep-350,50,2026-04-20,2026-04-20T14:19:05.456Z,adam,Sonny Gray,8,NO,100,10.5,win,true,,""
sweep-350,54,2026-04-20,2026-04-20T14:19:05.456Z,adam,Jack Flaherty,6,YES,100,-54.5,loss,true,,""
sweep-350,57,2026-04-20,2026-04-20T14:19:05.456Z,adam,Colin Rea,4,NO,100,-40.5,loss,true,,""
sweep-350,1,2026-04-20,2026-04-20T20:53:50.063Z,adam,Reid Detmers,5,NO,100,-38,loss,true,,""
sweep-350,2,2026-04-20,2026-04-20T20:53:50.063Z,adam,Reid Detmers,6,NO,100,50,win,true,,""
sweep-350,3,2026-04-20,2026-04-20T20:53:50.063Z,adam,Reid Detmers,4,NO,100,-22.5,loss,true,,""
sweep-350,4,2026-04-20,2026-04-20T20:53:50.063Z,adam,Reid Detmers,7,NO,100,32,win,true,,""
sweep-350,8,2026-04-20,2026-04-20T20:53:50.063Z,adam,Dylan Cease,9,YES,100,66.5,win,true,,""
sweep-350,9,2026-04-20,2026-04-20T20:53:50.063Z,adam,Reid Detmers,3,NO,100,-14.5,loss,true,,""
sweep-350,10,2026-04-20,2026-04-20T20:53:50.063Z,adam,Dylan Cease,10,YES,100,77.5,win,true,,""
sweep-350,11,2026-04-20,2026-04-20T20:53:50.063Z,adam,Dylan Cease,11,YES,100,87,win,true,,""
sweep-350,13,2026-04-20,2026-04-20T20:53:50.063Z,adam,Kyle Bradish,7,YES,100,76.5,win,true,,""
sweep-350,14,2026-04-20,2026-04-20T20:53:50.063Z,adam,Kyle Bradish,6,YES,100,60,win,true,,""
sweep-350,15,2026-04-20,2026-04-20T20:53:50.063Z,adam,Spencer Arrighetti,7,YES,100,-24.5,loss,true,,""
sweep-350,16,2026-04-20,2026-04-20T20:53:50.063Z,adam,Spencer Arrighetti,6,YES,100,-38.5,loss,true,,""
sweep-350,17,2026-04-20,2026-04-20T20:53:50.063Z,adam,Emerson Hancock,6,YES,100,-42.5,loss,true,,""
sweep-350,18,2026-04-20,2026-04-20T20:53:50.063Z,adam,Dylan Cease,12,YES,100,93,win,true,,""
sweep-350,19,2026-04-20,2026-04-20T20:53:50.063Z,adam,Spencer Arrighetti,8,YES,100,-14,loss,true,,""
sweep-350,20,2026-04-20,2026-04-20T20:53:50.063Z,adam,Kyle Bradish,8,YES,100,-14.5,loss,true,,""
sweep-350,21,2026-04-20,2026-04-20T20:53:50.063Z,adam,Dylan Cease,8,YES,100,48.5,win,true,,""
sweep-350,22,2026-04-20,2026-04-20T20:53:50.063Z,adam,Spencer Arrighetti,5,YES,100,-57,loss,true,,""
sweep-350,24,2026-04-20,2026-04-20T20:53:50.063Z,adam,Emerson Hancock,7,YES,100,-30,loss,true,,""
sweep-350,25,2026-04-20,2026-04-20T20:53:50.063Z,adam,Dylan Cease,7,YES,100,32.5,win,true,,""
sweep-350,26,2026-04-20,2026-04-20T20:53:50.063Z,adam,Emerson Hancock,8,YES,100,-17,loss,true,,""
sweep-350,27,2026-04-20,2026-04-20T20:53:50.063Z,adam,Kyle Bradish,5,YES,100,42,win,true,,""
sweep-350,28,2026-04-20,2026-04-20T20:53:50.063Z,adam,Kyle Bradish,9,YES,100,-7,loss,true,,""
sweep-350,29,2026-04-20,2026-04-20T20:53:50.063Z,adam,Spencer Arrighetti,9,YES,100,-7.5,loss,true,,""
sweep-350,30,2026-04-20,2026-04-20T20:53:50.063Z,adam,Jake Irvin,5,YES,100,-35.5,loss,true,,""
sweep-350,31,2026-04-20,2026-04-20T20:53:50.063Z,adam,Emerson Hancock,9,YES,100,-8,loss,true,,""
sweep-350,32,2026-04-20,2026-04-20T20:53:50.063Z,adam,Jake Irvin,6,YES,100,-20.5,loss,true,,""
sweep-350,33,2026-04-20,2026-04-20T20:53:50.063Z,adam,Kyle Bradish,4,YES,100,25,win,true,,""
sweep-350,35,2026-04-20,2026-04-20T20:53:50.063Z,adam,Bryce Elder,7,YES,100,-14.5,loss,true,,""
sweep-350,37,2026-04-20,2026-04-20T20:53:50.063Z,adam,Jake Irvin,7,YES,100,-11.5,loss,true,,""
sweep-350,39,2026-04-20,2026-04-20T20:53:50.063Z,adam,Jake Irvin,4,YES,100,43.5,win,true,,""
sweep-350,40,2026-04-20,2026-04-20T20:53:50.063Z,adam,Emerson Hancock,5,YES,100,-61.5,loss,true,,""
sweep-350,42,2026-04-20,2026-04-20T20:53:50.063Z,adam,Bryce Elder,6,YES,100,74.5,win,true,,""
sweep-350,46,2026-04-20,2026-04-20T20:53:50.063Z,adam,Bryce Elder,5,YES,100,58,win,true,,""
sweep-350,51,2026-04-20,2026-04-20T20:53:50.063Z,adam,Seth Lugo,9,YES,100,-11,loss,true,,""
sweep-350,52,2026-04-20,2026-04-20T20:53:50.063Z,adam,Seth Lugo,8,YES,100,-18.5,loss,true,,""
sweep-350,53,2026-04-20,2026-04-20T20:53:50.063Z,adam,Reid Detmers,8,NO,100,19.5,win,true,,""
sweep-350,55,2026-04-20,2026-04-20T20:53:50.063Z,adam,Kyle Bradish,10,YES,100,-4.5,loss,true,,""
sweep-350,56,2026-04-20,2026-04-20T20:53:50.063Z,adam,Spencer Arrighetti,4,YES,100,-70.5,loss,true,,""
sweep-350,58,2026-04-20,2026-04-20T20:53:50.063Z,adam,Justin Wrobleski,5,NO,100,44.5,win,true,,""
sweep-350,59,2026-04-20,2026-04-20T20:53:50.063Z,adam,Justin Wrobleski,4,NO,100,61.5,win,true,,""
sweep-350,60,2026-04-20,2026-04-20T20:53:50.063Z,adam,Justin Wrobleski,6,NO,100,27,win,true,,""
sweep-350,61,2026-04-20,2026-04-20T20:53:50.063Z,adam,Justin Wrobleski,3,NO,100,76.5,win,true,,""
sweep-350,62,2026-04-20,2026-04-20T20:53:50.063Z,adam,Jose Quintana,4,NO,100,36.5,win,true,,""
sweep-350,63,2026-04-20,2026-04-20T20:53:50.063Z,adam,Seth Lugo,7,YES,100,68,win,true,,""
sweep-350,64,2026-04-20,2026-04-20T20:53:50.063Z,adam,Jose Quintana,3,NO,100,57,win,true,,""
sweep-350,65,2026-04-20,2026-04-20T20:53:50.063Z,adam,Justin Wrobleski,7,NO,100,14.5,win,true,,""
sweep-350,66,2026-04-20,2026-04-20T20:53:50.063Z,adam,Reid Detmers,9,NO,100,8,win,true,,""
sweep-350,67,2026-04-20,2026-04-20T20:53:50.063Z,adam,Seth Lugo,6,YES,100,49.5,win,true,,""
sweep-350,68,2026-04-20,2026-04-20T20:53:50.063Z,adam,Seth Lugo,10,YES,100,-5.5,loss,true,,""
sweep-350,69,2026-04-20,2026-04-20T20:53:50.063Z,adam,Jose Quintana,2,NO,100,79,win,true,,""
sweep-350,70,2026-04-20,2026-04-20T20:53:50.063Z,adam,Slade Cecconi,5,NO,100,40.5,win,true,,""
sweep-350,71,2026-04-20,2026-04-20T20:53:50.063Z,adam,Kyle Bradish,3,YES,100,11.5,win,true,,""
sweep-350,72,2026-04-20,2026-04-20T20:53:50.063Z,adam,Justin Wrobleski,2,NO,100,-9.5,loss,true,,""
sweep-350,73,2026-04-20,2026-04-20T20:53:50.063Z,adam,Jake Irvin,3,YES,100,25,win,true,,""
sweep-350,123,2026-04-21,2026-04-21T11:20:44.022Z,adam,Nolan McLean,6,YES,100,36.27,win,true,,""
sweep-350,124,2026-04-21,2026-04-21T11:20:44.022Z,adam,Steven Matz,3,NO,100,-9,loss,true,,""
sweep-350,83,2026-04-21,2026-04-21T13:33:23.839Z,adam,Reynaldo López,5,NO,100,44.64,win,true,,""
sweep-350,86,2026-04-21,2026-04-21T13:33:23.839Z,adam,Jesús Luzardo,10,YES,100,-8,loss,true,,""
sweep-350,89,2026-04-21,2026-04-21T13:33:23.839Z,adam,Reynaldo López,4,NO,100,59.52,win,true,,""
sweep-350,90,2026-04-21,2026-04-21T13:33:23.839Z,adam,Chase Burns,7,YES,100,65.1,win,true,,""
sweep-350,93,2026-04-21,2026-04-21T13:33:23.839Z,adam,Reynaldo López,3,NO,100,74.4,win,true,,""
sweep-350,94,2026-04-21,2026-04-21T13:33:23.839Z,adam,Reynaldo López,6,NO,100,28.83,win,true,,""
sweep-350,97,2026-04-21,2026-04-21T13:33:23.839Z,adam,Chase Burns,8,YES,100,77.19,win,true,,""
sweep-350,105,2026-04-21,2026-04-21T13:33:23.839Z,adam,Nolan McLean,9,YES,100,78.12,win,true,,""
sweep-350,107,2026-04-21,2026-04-21T13:33:23.839Z,adam,Chase Burns,6,YES,100,50.22,win,true,,""
sweep-350,108,2026-04-21,2026-04-21T13:33:23.839Z,adam,Chase Burns,5,YES,100,35.34,win,true,,""
sweep-350,112,2026-04-21,2026-04-21T13:33:23.839Z,adam,Chase Burns,9,YES,100,-8,loss,true,,""
sweep-350,113,2026-04-21,2026-04-21T13:33:23.839Z,adam,Nolan McLean,10,YES,100,82.77,win,true,,""
sweep-350,125,2026-04-21,2026-04-21T13:33:23.839Z,adam,Kyle Harrison,5,YES,100,-51,loss,true,,""
sweep-350,128,2026-04-21,2026-04-21T13:33:23.839Z,adam,Simeon Woods Richardson,2,NO,100,-9,loss,true,,""
sweep-350,129,2026-04-21,2026-04-21T13:33:23.839Z,adam,Ryan Weiss,2,YES,100,13.95,win,true,,""
sweep-350,131,2026-04-21,2026-04-21T13:33:23.839Z,adam,Kyle Harrison,7,YES,100,-18,loss,true,,""
sweep-350,134,2026-04-21,2026-04-21T13:33:23.839Z,adam,Nolan McLean,8,YES,100,63.24,win,true,,""
sweep-350,136,2026-04-21,2026-04-21T13:33:23.839Z,adam,Dustin May,5,NO,100,-57,loss,true,,""
sweep-350,137,2026-04-21,2026-04-21T13:33:23.839Z,adam,Steven Matz,6,NO,100,39.99,win,true,,""
sweep-350,138,2026-04-21,2026-04-21T13:33:23.839Z,adam,Shane Baz,6,YES,100,-31,loss,true,,""
sweep-350,74,2026-04-21,2026-04-21T20:43:17.054Z,adam,Simeon Woods Richardson,4,NO,68,37.31,win,true,,""
sweep-350,75,2026-04-21,2026-04-21T20:43:17.054Z,adam,Ryan Weiss,5,YES,73,-20.44,loss,true,,""
sweep-350,76,2026-04-21,2026-04-21T20:43:17.054Z,adam,Ryan Weiss,4,YES,37,17.89,win,true,,""
sweep-350,77,2026-04-21,2026-04-21T20:43:17.054Z,adam,Jesús Luzardo,8,YES,57,-15.39,loss,true,,""
sweep-350,78,2026-04-21,2026-04-21T20:43:17.054Z,adam,Ryan Weiss,6,YES,131,-18.34,loss,false,ORDER_USD_OVER_LIMIT,"{""bet_amount_usd"":131,""limit_usd"":125,""strategy_mode"":""pregame_model""}"
sweep-350,79,2026-04-21,2026-04-21T20:43:17.054Z,adam,Jesús Luzardo,9,YES,103,-15.45,loss,true,,""
sweep-350,80,2026-04-21,2026-04-21T20:43:17.054Z,adam,Simeon Woods Richardson,3,NO,115,83.42,win,true,,""
sweep-350,81,2026-04-21,2026-04-21T20:43:17.054Z,adam,Jesús Luzardo,7,YES,27,-11.88,loss,true,,""
sweep-350,82,2026-04-21,2026-04-21T20:43:17.054Z,adam,Simeon Woods Richardson,5,NO,43,16.4,win,true,,""
sweep-350,84,2026-04-21,2026-04-21T20:43:17.054Z,adam,Keider Montero,5,YES,43,-16.77,loss,true,,""
sweep-350,85,2026-04-21,2026-04-21T20:43:17.054Z,adam,Luis Gil,5,NO,19,7.24,win,true,,""
sweep-350,87,2026-04-21,2026-04-21T20:43:17.054Z,adam,Ryan Weiss,7,YES,218,-13.08,loss,false,ORDER_USD_OVER_LIMIT,"{""bet_amount_usd"":218,""limit_usd"":125,""strategy_mode"":""pregame_model""}"
sweep-350,88,2026-04-21,2026-04-21T20:43:17.054Z,adam,Kris Bubic,7,NO,24,10.49,win,true,,""
sweep-350,91,2026-04-21,2026-04-21T20:43:17.054Z,adam,Jesús Luzardo,6,YES,16,-9.76,loss,true,,""
sweep-350,92,2026-04-21,2026-04-21T20:43:17.054Z,adam,Keider Montero,6,YES,80,-17.6,loss,true,,""
sweep-350,95,2026-04-21,2026-04-21T20:43:17.054Z,adam,Jesús Luzardo,11,YES,173,-8.65,loss,false,ORDER_USD_OVER_LIMIT,"{""bet_amount_usd"":173,""limit_usd"":125,""strategy_mode"":""pregame_model""}"
sweep-350,96,2026-04-21,2026-04-21T20:43:17.054Z,adam,Luis Gil,6,NO,16,4.17,win,true,,""
sweep-350,98,2026-04-21,2026-04-21T20:43:17.054Z,adam,Parker Messick,8,YES,98,-14.7,loss,true,,""
sweep-350,99,2026-04-21,2026-04-21T20:43:17.054Z,adam,Luis Gil,4,NO,38,21.91,win,true,,""
sweep-350,100,2026-04-21,2026-04-21T20:43:17.054Z,adam,Ryan Weiss,3,YES,15,4.05,win,true,,""
sweep-350,101,2026-04-21,2026-04-21T20:43:17.054Z,adam,Parker Messick,7,YES,73,-18.25,loss,true,,""
sweep-350,102,2026-04-21,2026-04-21T20:43:17.054Z,adam,Shota Imanaga,9,YES,65,-12.35,loss,true,,""
sweep-350,103,2026-04-21,2026-04-21T20:43:17.054Z,adam,Kris Bubic,5,NO,31,21.33,win,true,,""
sweep-350,104,2026-04-21,2026-04-21T20:43:17.054Z,adam,Parker Messick,6,YES,40,-16.8,loss,true,,""
sweep-350,106,2026-04-21,2026-04-21T20:43:17.054Z,adam,Keider Montero,4,YES,18,-10.98,loss,true,,""
sweep-350,109,2026-04-21,2026-04-21T20:43:17.054Z,adam,Simeon Woods Richardson,6,NO,24,5.58,win,true,,""
sweep-350,110,2026-04-21,2026-04-21T20:43:17.054Z,adam,Keider Montero,7,YES,108,-12.96,loss,true,,""
sweep-350,111,2026-04-21,2026-04-21T20:43:17.054Z,adam,Shota Imanaga,8,YES,46,-13.8,loss,true,,""
sweep-350,114,2026-04-21,2026-04-21T20:43:17.054Z,adam,Keider Montero,8,YES,145,-8.7,loss,false,ORDER_USD_OVER_LIMIT,"{""bet_amount_usd"":145,""limit_usd"":125,""strategy_mode"":""pregame_model""}"
sweep-350,115,2026-04-21,2026-04-21T20:43:17.054Z,adam,Kris Bubic,4,NO,68,55.65,win,true,,""
sweep-350,116,2026-04-21,2026-04-21T20:43:17.054Z,adam,Shota Imanaga,11,YES,142,-8.52,loss,false,ORDER_USD_OVER_LIMIT,"{""bet_amount_usd"":142,""limit_usd"":125,""strategy_mode"":""pregame_model""}"
sweep-350,117,2026-04-21,2026-04-21T20:43:17.054Z,adam,Parker Messick,9,YES,177,-12.39,loss,false,ORDER_USD_OVER_LIMIT,"{""bet_amount_usd"":177,""limit_usd"":125,""strategy_mode"":""pregame_model""}"
sweep-350,118,2026-04-21,2026-04-21T20:43:17.054Z,adam,Kyle Harrison,6,YES,20,-6.2,loss,true,,""
sweep-350,119,2026-04-21,2026-04-21T20:43:17.054Z,adam,Kris Bubic,8,NO,9,2.43,win,true,,""
sweep-350,120,2026-04-21,2026-04-21T20:43:17.054Z,adam,Merrill Kelly,5,NO,50,-22.5,loss,true,,""
sweep-350,121,2026-04-21,2026-04-21T20:43:17.054Z,adam,Kris Bubic,6,NO,21,11.52,win,true,,""
sweep-350,122,2026-04-21,2026-04-21T20:43:17.054Z,adam,Shota Imanaga,10,YES,121,-12.1,loss,true,,""
sweep-350,126,2026-04-21,2026-04-21T20:43:17.054Z,adam,Shota Imanaga,7,YES,31,-13.64,loss,true,,""
sweep-350,127,2026-04-21,2026-04-21T20:43:17.054Z,adam,Parker Messick,5,YES,20,-12.2,loss,true,,""
sweep-350,130,2026-04-21,2026-04-21T20:43:17.054Z,adam,Luis Gil,3,NO,52,38.2,win,true,,""
sweep-350,132,2026-04-21,2026-04-21T20:43:17.054Z,adam,Jesús Luzardo,5,YES,10,-7.5,loss,true,,""
sweep-350,133,2026-04-21,2026-04-21T20:43:17.054Z,adam,Kyle Harrison,8,YES,71,-5.68,loss,true,,""
sweep-350,135,2026-04-21,2026-04-21T20:43:17.054Z,adam,Foster Griffin,5,YES,35,-14.35,loss,true,,""
sweep-350,139,2026-04-21,2026-04-21T20:43:17.054Z,adam,Jacob Lopez,5,NO,87,48.55,win,true,,""
sweep-350,140,2026-04-21,2026-04-21T20:43:17.054Z,adam,Jacob Lopez,6,NO,62,26.52,win,true,,""
sweep-350,141,2026-04-21,2026-04-21T20:43:17.054Z,adam,Jacob Lopez,4,NO,125,87.19,win,true,,""
sweep-350,145,2026-04-21,2026-04-21T20:43:17.054Z,adam,Luis Castillo,5,NO,78,-24.96,loss,true,,""
sweep-350,146,2026-04-21,2026-04-21T20:43:17.054Z,adam,Jacob Lopez,7,NO,34,9.17,win,true,,""
sweep-350,148,2026-04-21,2026-04-21T20:43:17.054Z,adam,Luis Castillo,6,NO,45,-22.5,loss,true,,""
sweep-350,149,2026-04-21,2026-04-21T20:43:17.054Z,adam,Landen Roupp,7,YES,93,67.46,win,true,,""
sweep-350,151,2026-04-21,2026-04-21T20:43:17.054Z,adam,Landen Roupp,6,YES,49,27.8,win,true,,""
sweep-350,152,2026-04-21,2026-04-21T20:43:17.054Z,adam,Connelly Early,5,NO,53,31.55,win,true,,""
sweep-350,153,2026-04-21,2026-04-21T20:43:17.054Z,adam,Connelly Early,6,NO,36,16.07,win,true,,""
sweep-350,154,2026-04-21,2026-04-21T20:43:17.054Z,adam,Merrill Kelly,4,NO,63,-18.9,loss,true,,""
sweep-350,160,2026-04-21,2026-04-21T20:43:17.054Z,adam,Merrill Kelly,6,NO,27,9.04,win,true,,""
sweep-350,161,2026-04-21,2026-04-21T20:43:17.054Z,adam,Landen Roupp,8,YES,142,-17.04,loss,false,ORDER_USD_OVER_LIMIT,"{""bet_amount_usd"":142,""limit_usd"":125,""strategy_mode"":""pregame_model""}"
sweep-350,163,2026-04-21,2026-04-21T20:43:17.054Z,adam,Connelly Early,4,NO,85,-17,loss,true,,""
sweep-350,167,2026-04-21,2026-04-21T20:43:17.054Z,adam,Connelly Early,7,NO,23,6.84,win,true,,""
sweep-350,171,2026-04-21,2026-04-21T20:43:17.054Z,adam,Landen Roupp,5,YES,25,9.77,win,true,,""
sweep-350,172,2026-04-21,2026-04-21T20:43:17.054Z,adam,Luis Castillo,3,NO,202,-14.14,loss,false,ORDER_USD_OVER_LIMIT,"{""bet_amount_usd"":202,""limit_usd"":125,""strategy_mode"":""pregame_model""}"
sweep-350,176,2026-04-21,2026-04-21T20:43:17.054Z,adam,Luis Castillo,8,NO,17,3.32,win,true,,""
sweep-350,185,2026-04-21,2026-04-21T20:43:17.054Z,adam,Parker Messick,4,YES,16,3.87,win,true,,""
sweep-350,187,2026-04-21,2026-04-21T20:43:17.054Z,adam,Shota Imanaga,6,YES,18,-10.98,loss,true,,""
sweep-350,188,2026-04-21,2026-04-21T20:43:17.054Z,adam,Chris Paddack,6,YES,41,27.83,win,true,,""
sweep-350,189,2026-04-21,2026-04-21T20:43:17.054Z,adam,Carmen Mlodzinski,7,YES,102,-12.24,loss,true,,""
sweep-350,193,2026-04-21,2026-04-21T20:43:17.054Z,adam,Merrill Kelly,7,NO,13,2.42,win,true,,""
sweep-350,194,2026-04-21,2026-04-21T20:43:17.054Z,adam,Chris Paddack,4,YES,17,6.17,win,true,,""
sweep-350,195,2026-04-21,2026-04-21T20:43:17.054Z,adam,Carmen Mlodzinski,6,YES,35,23.44,win,true,,""
sweep-350,196,2026-04-21,2026-04-21T20:43:17.054Z,adam,Reynaldo López,5,YES,23,-9.89,loss,true,,""
sweep-350,198,2026-04-21,2026-04-21T20:43:17.054Z,adam,Keider Montero,3,YES,12,2.57,win,true,,""
sweep-350,199,2026-04-21,2026-04-21T20:43:17.054Z,adam,Chris Paddack,5,YES,20,10.23,win,true,,""
sweep-350,201,2026-04-21,2026-04-21T20:43:17.054Z,adam,Parker Messick,10,YES,304,-9.12,loss,false,ORDER_USD_OVER_LIMIT,"{""bet_amount_usd"":304,""limit_usd"":125,""strategy_mode"":""pregame_model""}"
sweep-350,202,2026-04-21,2026-04-21T20:43:17.054Z,adam,Carmen Mlodzinski,5,YES,20,10.23,win,true,,""
sweep-350,205,2026-04-21,2026-04-21T20:43:17.054Z,adam,Foster Griffin,4,YES,14,-8.82,loss,true,,""
sweep-350,207,2026-04-21,2026-04-21T20:43:17.054Z,adam,Foster Griffin,6,YES,28,-8.4,loss,true,,""
sweep-350,210,2026-04-21,2026-04-21T20:43:17.054Z,adam,Carmen Mlodzinski,4,YES,13,4.47,win,true,,""
sweep-350,211,2026-04-21,2026-04-21T20:43:17.054Z,adam,Reynaldo López,4,YES,12,-7.44,loss,true,,""
sweep-350,212,2026-04-21,2026-04-21T20:43:17.054Z,adam,Chris Paddack,3,YES,10,2.05,win,true,,""
sweep-350,213,2026-04-21,2026-04-21T20:43:17.054Z,adam,Reynaldo López,7,YES,50,-7.5,loss,true,,""
sweep-350,216,2026-04-21,2026-04-21T20:43:17.054Z,adam,Reynaldo López,8,YES,120,-7.2,loss,true,,""
sweep-350,217,2026-04-21,2026-04-21T20:43:17.054Z,adam,Chris Paddack,8,YES,101,-7.07,loss,true,,""
sweep-350,218,2026-04-21,2026-04-21T20:43:17.054Z,adam,Carmen Mlodzinski,8,YES,100,-7,loss,true,,""
sweep-350,219,2026-04-21,2026-04-21T20:43:17.054Z,adam,Parker Messick,3,YES,8,0.97,win,true,,""
sweep-350,220,2026-04-21,2026-04-21T20:43:17.054Z,adam,Landen Roupp,4,YES,10,2.14,win,true,,""
sweep-350,221,2026-04-21,2026-04-21T20:43:17.054Z,adam,Carmen Mlodzinski,2,YES,7,0.72,win,true,,""
sweep-350,3504,2026-04-22,2026-04-22T13:38:37.608Z,adam,Braxton Ashcraft,5,YES,62,21.33,win,true,,""
sweep-350,3593,2026-04-22,2026-04-22T14:49:18.426Z,,Chad Patrick,5,NO,5,-0.09,void,false,,"{""reason"":""unknown_user_id""}"
sweep-350,3594,2026-04-22,2026-04-22T14:49:18.426Z,,Max Fried,5,NO,5,-1.99,loss,false,,"{""reason"":""unknown_user_id""}"
sweep-350,3596,2026-04-22,2026-04-22T14:49:18.426Z,,Max Fried,6,NO,5,-2.89,loss,false,,"{""reason"":""unknown_user_id""}"
sweep-350,3597,2026-04-22,2026-04-22T14:49:18.426Z,,Eric Lauer,6,NO,5,1.52,win,false,,"{""reason"":""unknown_user_id""}"
sweep-350,3599,2026-04-22,2026-04-22T14:49:18.426Z,,Eric Lauer,4,NO,5,3.06,win,false,,"{""reason"":""unknown_user_id""}"
sweep-350,3600,2026-04-22,2026-04-22T14:49:18.426Z,,Nick Martinez,4,NO,5,-1.94,loss,false,,"{""reason"":""unknown_user_id""}"
sweep-350,3601,2026-04-22,2026-04-22T14:49:18.426Z,,Max Fried,4,NO,5,-1.2,loss,false,,"{""reason"":""unknown_user_id""}"
sweep-350,3602,2026-04-22,2026-04-22T14:49:18.426Z,,Clay Holmes,5,NO,5,2.31,win,false,,"{""reason"":""unknown_user_id""}"
sweep-350,3603,2026-04-22,2026-04-22T14:49:18.426Z,,Walker Buehler,4,NO,5,2.81,win,false,,"{""reason"":""unknown_user_id""}"
sweep-350,3604,2026-04-22,2026-04-22T14:49:18.426Z,,Ranger Suarez,7,NO,5,0.99,win,false,,"{""reason"":""unknown_user_id""}"
sweep-350,3605,2026-04-22,2026-04-22T14:49:18.426Z,,Max Fried,3,NO,5,-0.48,loss,false,,"{""reason"":""unknown_user_id""}"
sweep-350,3606,2026-04-22,2026-04-22T14:49:18.426Z,,Max Fried,7,NO,5,-3.68,loss,false,,"{""reason"":""unknown_user_id""}"
sweep-350,3607,2026-04-22,2026-04-22T14:49:18.426Z,,Aaron Civale,5,NO,5,-2.49,loss,false,,"{""reason"":""unknown_user_id""}"
sweep-350,3582,2026-04-22,2026-04-22T16:21:25.513Z,,Eric Lauer,5,NO,5,0.56,win,false,,"{""reason"":""unknown_user_id""}"
sweep-350,3485,2026-04-22,2026-04-22T16:54:42.097Z,adam,Chris Bassitt,4,NO,124,58.81,win,true,,""
sweep-350,3486,2026-04-22,2026-04-22T16:54:42.097Z,adam,José Soriano,8,YES,238,-49.98,loss,false,ORDER_USD_OVER_LIMIT,"{""bet_amount_usd"":238,""limit_usd"":125,""strategy_mode"":""pregame_model""}"
sweep-350,3490,2026-04-22,2026-04-22T16:54:42.097Z,adam,José Soriano,9,YES,355,-42.6,loss,false,ORDER_USD_OVER_LIMIT,"{""bet_amount_usd"":355,""limit_usd"":125,""strategy_mode"":""pregame_model""}"
sweep-350,3492,2026-04-22,2026-04-22T16:54:42.097Z,adam,Chris Bassitt,5,NO,78,24.66,win,true,,""
sweep-350,3493,2026-04-22,2026-04-22T16:54:42.097Z,adam,Chris Bassitt,3,NO,142,-48.28,loss,false,ORDER_USD_OVER_LIMIT,"{""bet_amount_usd"":142,""limit_usd"":125,""strategy_mode"":""pregame_model""}"
sweep-350,3497,2026-04-22,2026-04-22T16:54:42.097Z,adam,Eric Lauer,5,NO,92,45.35,win,true,,""
sweep-350,3499,2026-04-22,2026-04-22T16:54:42.097Z,adam,Peter Lambert,5,YES,134,82.25,win,false,ORDER_USD_OVER_LIMIT,"{""bet_amount_usd"":134,""limit_usd"":125,""strategy_mode"":""pregame_model""}"
sweep-350,3500,2026-04-22,2026-04-22T16:54:42.097Z,adam,Peter Lambert,4,YES,95,44.18,win,true,,""
sweep-350,3501,2026-04-22,2026-04-22T16:54:42.097Z,adam,Peter Lambert,6,YES,279,215.36,win,false,ORDER_USD_OVER_LIMIT,"{""bet_amount_usd"":279,""limit_usd"":125,""strategy_mode"":""pregame_model""}"
sweep-350,3505,2026-04-22,2026-04-22T16:54:42.097Z,adam,Eric Lauer,4,NO,65,38.08,win,true,,""
sweep-350,3506,2026-04-22,2026-04-22T16:54:42.097Z,adam,Eric Lauer,6,NO,40,11.9,win,true,,""
sweep-350,3507,2026-04-22,2026-04-22T16:54:42.097Z,adam,Walker Buehler,5,NO,32,11.61,win,true,,""
sweep-350,3566,2026-04-22,2026-04-22T16:54:42.097Z,adam,Nick Martinez,4,NO,64,-23.68,loss,true,,""
sweep-350,3571,2026-04-22,2026-04-22T16:54:42.097Z,adam,Max Fried,3,NO,235,-21.15,loss,false,ORDER_USD_OVER_LIMIT,"{""bet_amount_usd"":235,""limit_usd"":125,""strategy_mode"":""pregame_model""}"
sweep-350,3630,2026-04-22,2026-04-22T16:54:42.097Z,adam,Eric Lauer,3,NO,172,-27.52,loss,false,ORDER_USD_OVER_LIMIT,"{""bet_amount_usd"":172,""limit_usd"":125,""strategy_mode"":""pregame_model""}"
sweep-350,3638,2026-04-22,2026-04-22T16:54:42.097Z,adam,Nick Martinez,5,NO,40,-22.4,loss,true,,""
sweep-350,3574,2026-04-22,2026-04-22T16:56:56.159Z,,Chris Bassitt,4,NO,5,2.46,win,false,,"{""reason"":""unknown_user_id""}"
sweep-350,3576,2026-04-22,2026-04-22T16:56:56.159Z,,José Soriano,8,YES,5,-1.11,loss,false,,"{""reason"":""unknown_user_id""}"
sweep-350,3579,2026-04-22,2026-04-22T16:56:56.159Z,,Peter Lambert,5,YES,5,3.22,win,false,,"{""reason"":""unknown_user_id""}"
sweep-350,3580,2026-04-22,2026-04-22T16:56:56.159Z,,José Soriano,9,YES,6,-0.94,loss,false,,"{""reason"":""unknown_user_id""}"
sweep-350,3583,2026-04-22,2026-04-22T16:56:56.159Z,,Peter Lambert,4,YES,5,2.32,win,false,,"{""reason"":""unknown_user_id""}"
sweep-350,3584,2026-04-22,2026-04-22T16:56:56.159Z,,Chris Bassitt,3,NO,5,-1.85,loss,false,,"{""reason"":""unknown_user_id""}"
sweep-350,3587,2026-04-22,2026-04-22T16:56:56.159Z,,Peter Lambert,6,YES,5,3.89,win,false,,"{""reason"":""unknown_user_id""}"
sweep-350,3590,2026-04-22,2026-04-22T16:56:56.159Z,,Chris Bassitt,5,NO,5,1.23,win,false,,"{""reason"":""unknown_user_id""}"
sweep-350,3592,2026-04-22,2026-04-22T16:56:56.159Z,,Braxton Ashcraft,8,YES,5,-1.01,loss,false,,"{""reason"":""unknown_user_id""}"
sweep-350,3503,2026-04-22,2026-04-22T19:30:39.574Z,adam,Chad Patrick,5,NO,99,,,true,,""
sweep-350,3508,2026-04-22,2026-04-22T19:30:39.574Z,adam,Walker Buehler,4,NO,92,49.62,win,true,,""
sweep-350,3511,2026-04-22,2026-04-22T19:30:39.574Z,adam,Aaron Civale,5,NO,81,-38.07,loss,true,,""
sweep-350,3761,2026-04-22,2026-04-22T19:30:39.574Z,adam,Chad Patrick,4,NO,92,,,true,,""
sweep-350,3589,2026-04-22,2026-04-22T19:31:27.415Z,,Braxton Ashcraft,6,YES,5,-2.39,loss,false,,"{""reason"":""unknown_user_id""}"
sweep-350,3595,2026-04-22,2026-04-22T19:31:27.415Z,,Braxton Ashcraft,7,YES,5,-1.78,loss,false,,"{""reason"":""unknown_user_id""}"
sweep-350,3835,2026-04-22,2026-04-22T19:31:27.415Z,,Matthew Boyd,7,YES,5,-3.96,loss,false,,"{""reason"":""unknown_user_id""}"
sweep-350,3838,2026-04-22,2026-04-22T19:31:27.415Z,,Matthew Boyd,6,YES,5,-6.42,loss,false,,"{""reason"":""unknown_user_id""}"
sweep-350,3487,2026-04-22,2026-04-22T20:33:29.270Z,adam,Ranger Suarez,5,NO,120,60.26,win,true,,""
sweep-350,3488,2026-04-22,2026-04-22T20:33:29.270Z,adam,José Soriano,7,YES,874,-131.1,loss,false,ORDER_USD_OVER_LIMIT,"{""bet_amount_usd"":874,""limit_usd"":125,""strategy_mode"":""pregame_model""}"
sweep-350,3489,2026-04-22,2026-04-22T20:33:29.270Z,adam,José Soriano,6,YES,328,-114.8,loss,false,ORDER_USD_OVER_LIMIT,"{""bet_amount_usd"":328,""limit_usd"":125,""strategy_mode"":""pregame_model""}"
sweep-350,3491,2026-04-22,2026-04-22T20:33:29.270Z,adam,José Soriano,5,YES,106,-65.72,loss,true,,""
sweep-350,3494,2026-04-22,2026-04-22T20:33:29.270Z,adam,Ranger Suarez,4,NO,193,-54.04,loss,false,ORDER_USD_OVER_LIMIT,"{""bet_amount_usd"":193,""limit_usd"":125,""strategy_mode"":""pregame_model""}"
sweep-350,3495,2026-04-22,2026-04-22T20:33:29.270Z,adam,Braxton Ashcraft,6,YES,100,-47,loss,true,,""
sweep-350,3498,2026-04-22,2026-04-22T20:33:29.270Z,adam,Ranger Suarez,6,NO,75,25.81,win,true,,""
sweep-350,3509,2026-04-22,2026-04-22T20:33:29.270Z,adam,Ranger Suarez,7,NO,37,7.23,win,true,,""
sweep-350,3510,2026-04-22,2026-04-22T20:33:29.270Z,adam,Clay Holmes,5,NO,69,31.44,win,true,,""
sweep-350,3512,2026-04-22,2026-04-22T20:33:29.270Z,adam,Max Fried,6,NO,68,-38.08,loss,true,,""
sweep-350,3558,2026-04-22,2026-04-22T20:33:29.270Z,adam,Braxton Ashcraft,8,YES,200,-40,loss,false,ORDER_USD_OVER_LIMIT,"{""bet_amount_usd"":200,""limit_usd"":125,""strategy_mode"":""pregame_model""}"
sweep-350,3560,2026-04-22,2026-04-22T20:33:29.270Z,adam,Max Fried,5,NO,116,-44.08,loss,true,,""
sweep-350,3561,2026-04-22,2026-04-22T20:33:29.270Z,adam,Braxton Ashcraft,7,YES,140,-44.8,loss,false,ORDER_USD_OVER_LIMIT,"{""bet_amount_usd"":140,""limit_usd"":125,""strategy_mode"":""pregame_model""}"
sweep-350,3567,2026-04-22,2026-04-22T20:33:29.270Z,adam,Max Fried,4,NO,136,-32.64,loss,false,ORDER_USD_OVER_LIMIT,"{""bet_amount_usd"":136,""limit_usd"":125,""strategy_mode"":""pregame_model""}"
sweep-350,3572,2026-04-22,2026-04-22T20:33:29.270Z,adam,Max Fried,7,NO,40,-28.8,loss,true,,""
sweep-350,3631,2026-04-22,2026-04-22T20:33:29.270Z,adam,Matthew Boyd,6,YES,96,-40.32,loss,true,,""
sweep-350,3679,2026-04-22,2026-04-22T20:33:29.270Z,adam,Matthew Boyd,7,YES,196,-47.04,loss,false,ORDER_USD_OVER_LIMIT,"{""bet_amount_usd"":196,""limit_usd"":125,""strategy_mode"":""pregame_model""}"
sweep-350,3714,2026-04-22,2026-04-22T20:33:29.270Z,adam,Connor Prielipp,6,YES,217,153.38,win,false,ORDER_USD_OVER_LIMIT,"{""bet_amount_usd"":217,""limit_usd"":125,""strategy_mode"":""pregame_model""}"
sweep-350,3722,2026-04-22,2026-04-22T20:33:29.270Z,adam,Connor Prielipp,4,YES,96,39.28,win,true,,""
sweep-350,3776,2026-04-22,2026-04-22T20:33:29.270Z,adam,Walker Buehler,3,NO,112,80.2,win,true,,""
sweep-350,3854,2026-04-22,2026-04-22T20:33:29.270Z,adam,Eric Lauer,5,YES,510,-66.3,loss,false,ORDER_USD_OVER_LIMIT,"{""bet_amount_usd"":510,""limit_usd"":125,""strategy_mode"":""pregame_model""}"
sweep-350,3862,2026-04-22,2026-04-22T20:33:29.270Z,adam,Connor Prielipp,3,YES,69,18.61,win,true,,""
sweep-350,3575,2026-04-22,2026-04-22T20:34:17.030Z,,Ranger Suarez,5,NO,5,2.91,win,false,,"{""reason"":""unknown_user_id""}"
sweep-350,3577,2026-04-22,2026-04-22T20:34:17.030Z,,José Soriano,7,YES,14,-1.89,loss,false,,"{""reason"":""unknown_user_id""}"
sweep-350,3578,2026-04-22,2026-04-22T20:34:17.030Z,,José Soriano,6,YES,5,-2.64,loss,false,,"{""reason"":""unknown_user_id""}"
sweep-350,3581,2026-04-22,2026-04-22T20:34:17.030Z,,José Soriano,5,YES,5,-3.29,loss,false,,"{""reason"":""unknown_user_id""}"
sweep-350,3586,2026-04-22,2026-04-22T20:34:17.030Z,,Ranger Suarez,4,NO,5,-1.48,loss,false,,"{""reason"":""unknown_user_id""}"
sweep-350,3591,2026-04-22,2026-04-22T20:34:17.030Z,,Ranger Suarez,6,NO,5,1.71,win,false,,"{""reason"":""unknown_user_id""}"
sweep-350,3813,2026-04-22,2026-04-22T20:34:17.030Z,,Connor Prielipp,6,YES,5,11.37,win,false,,"{""reason"":""unknown_user_id""}"
sweep-350,3823,2026-04-22,2026-04-22T20:34:17.030Z,,Connor Prielipp,4,YES,5,6.18,win,false,,"{""reason"":""unknown_user_id""}"
sweep-350,3880,2026-04-22,2026-04-22T20:34:17.030Z,,Eric Lauer,5,YES,8,0.89,loss,false,,"{""reason"":""unknown_user_id""}"
sweep-350,5283,2026-04-22,2026-04-23T01:59:12.186Z,isaiah,Eduardo Rodriguez,6,NO,84,17.88,win,true,,""
sweep-350,5285,2026-04-22,2026-04-23T01:59:12.186Z,isaiah,Eduardo Rodriguez,7,NO,36,0,win,true,,""
sweep-350,3598,2026-04-22,2026-04-23T01:59:58.206Z,,Eduardo Rodriguez,6,NO,105,1.47,win,false,,"{""reason"":""unknown_user_id""}"
sweep-350,5295,2026-04-22,2026-04-23T01:59:58.206Z,,Eduardo Rodriguez,7,NO,45,0,win,false,,"{""reason"":""unknown_user_id""}"
sweep-350,5462,2026-04-22,2026-04-23T02:09:18.836Z,,Tomoyuki Sugano,4,NO,88,-52.14,loss,false,,"{""reason"":""unknown_user_id""}"
sweep-350,5450,2026-04-22,2026-04-23T02:14:04.396Z,isaiah,Tomoyuki Sugano,4,NO,325,-38.51,loss,false,ORDER_USD_OVER_LIMIT,"{""bet_amount_usd"":325,""limit_usd"":125,""strategy_mode"":""pregame_model""}"
sweep-350,5284,2026-04-22,2026-04-23T02:15:32.851Z,isaiah,Eduardo Rodriguez,3,NO,353,-47.4,loss,false,ORDER_USD_OVER_LIMIT,"{""bet_amount_usd"":353,""limit_usd"":125,""strategy_mode"":""pregame_model""}"
sweep-350,5294,2026-04-22,2026-04-23T02:16:18.772Z,,Eduardo Rodriguez,3,NO,353,-50.55,loss,false,,"{""reason"":""unknown_user_id""}"
sweep-350,5281,2026-04-22,2026-04-23T02:16:30.544Z,isaiah,Eduardo Rodriguez,4,NO,575,-81.77,loss,false,ORDER_USD_OVER_LIMIT,"{""bet_amount_usd"":575,""limit_usd"":125,""strategy_mode"":""pregame_model""}"
sweep-350,3588,2026-04-22,2026-04-23T02:17:16.196Z,,Eduardo Rodriguez,4,NO,575,-1.68,loss,false,,"{""reason"":""unknown_user_id""}"
sweep-350,5282,2026-04-22,2026-04-23T02:23:11.815Z,isaiah,Eduardo Rodriguez,5,NO,72,81.74,win,true,,""
sweep-350,3585,2026-04-22,2026-04-23T02:23:57.785Z,,Eduardo Rodriguez,5,NO,72,2.46,win,false,,"{""reason"":""unknown_user_id""}"
sweep-350,5451,2026-04-22,2026-04-23T02:31:42.156Z,isaiah,Shohei Ohtani,9,NO,46,22.6,win,true,,""
sweep-350,5463,2026-04-22,2026-04-23T02:32:28.248Z,,Shohei Ohtani,9,NO,46,31.44,win,false,,"{""reason"":""unknown_user_id""}"
sweep-350,5447,2026-04-22,2026-04-23T02:34:42.758Z,isaiah,Shohei Ohtani,8,NO,92,49.75,win,true,,""
sweep-350,5449,2026-04-22,2026-04-23T02:34:42.758Z,isaiah,Anthony Kay,3,YES,197,-31.05,loss,false,ORDER_USD_OVER_LIMIT,"{""bet_amount_usd"":197,""limit_usd"":125,""strategy_mode"":""pregame_model""}"
sweep-350,5459,2026-04-22,2026-04-23T02:35:28.839Z,,Shohei Ohtani,8,NO,92,67.44,win,false,,"{""reason"":""unknown_user_id""}"
sweep-350,5461,2026-04-22,2026-04-23T02:35:28.839Z,,Anthony Kay,3,YES,197,-40.63,loss,false,,"{""reason"":""unknown_user_id""}"
sweep-350,6039,2026-04-22,2026-04-23T02:43:45.004Z,,Shai Gilgeous-Alexander,5,NO,10,0,void,false,,"{""reason"":""unknown_user_id""}"
sweep-350,6040,2026-04-22,2026-04-23T02:43:45.004Z,,Devin Booker,1,YES,10,0,void,false,,"{""reason"":""unknown_user_id""}"
sweep-350,6041,2026-04-22,2026-04-23T02:43:45.004Z,,Jalen Williams,5,NO,10,0,void,false,,"{""reason"":""unknown_user_id""}"
sweep-350,6042,2026-04-22,2026-04-23T02:43:45.004Z,,Jalen Williams,2,YES,10,0,void,false,,"{""reason"":""unknown_user_id""}"
sweep-350,6043,2026-04-22,2026-04-23T02:43:45.004Z,,Shai Gilgeous-Alexander,2,NO,10,0,void,false,,"{""reason"":""unknown_user_id""}"
sweep-350,6044,2026-04-22,2026-04-23T02:43:45.004Z,,Jalen Williams,1,NO,10,0,void,false,,"{""reason"":""unknown_user_id""}"
sweep-350,6045,2026-04-22,2026-04-23T02:43:45.004Z,,Shai Gilgeous-Alexander,3,NO,10,0,void,false,,"{""reason"":""unknown_user_id""}"
sweep-350,6046,2026-04-22,2026-04-23T02:43:45.004Z,,Devin Booker,4,NO,10,0,void,false,,"{""reason"":""unknown_user_id""}"
sweep-350,6047,2026-04-22,2026-04-23T02:43:45.004Z,,Shai Gilgeous-Alexander,4,NO,10,0,void,false,,"{""reason"":""unknown_user_id""}"
sweep-350,6048,2026-04-22,2026-04-23T02:43:45.004Z,,Devin Booker,3,YES,10,0,void,false,,"{""reason"":""unknown_user_id""}"
sweep-350,6049,2026-04-22,2026-04-23T02:43:45.004Z,,Jalen Williams,3,YES,10,0,void,false,,"{""reason"":""unknown_user_id""}"
sweep-350,6050,2026-04-22,2026-04-23T02:43:45.004Z,,Devin Booker,2,YES,10,0,void,false,,"{""reason"":""unknown_user_id""}"
sweep-350,5446,2026-04-22,2026-04-23T02:49:58.771Z,isaiah,Shohei Ohtani,7,NO,91,-53.39,loss,true,,""
sweep-350,5448,2026-04-22,2026-04-23T02:49:58.771Z,isaiah,Shohei Ohtani,6,NO,299,-41.96,loss,false,ORDER_USD_OVER_LIMIT,"{""bet_amount_usd"":299,""limit_usd"":125,""strategy_mode"":""pregame_model""}"
sweep-350,5458,2026-04-22,2026-04-23T02:50:44.706Z,,Shohei Ohtani,7,NO,91,-72.82,loss,false,,"{""reason"":""unknown_user_id""}"
sweep-350,5460,2026-04-22,2026-04-23T02:50:44.706Z,,Shohei Ohtani,6,NO,299,-55.03,loss,false,,"{""reason"":""unknown_user_id""}"
sweep-350,6348,2026-04-23,2026-04-23T13:02:12.567Z,isaiah,Cristopher Sánchez,8,YES,110,-33.55,loss,true,,""
sweep-350,6355,2026-04-23,2026-04-23T13:02:12.567Z,isaiah,Cristopher Sánchez,9,YES,199,-60.4,loss,false,ORDER_USD_OVER_LIMIT,"{""bet_amount_usd"":199,""limit_usd"":125,""strategy_mode"":""pregame_model""}"
sweep-350,6360,2026-04-23,2026-04-23T13:02:12.567Z,isaiah,Davis Martin,4,YES,33,117.2,win,true,,""
sweep-350,6364,2026-04-23,2026-04-23T13:02:12.567Z,isaiah,Davis Martin,6,YES,67,448.04,win,true,,""
sweep-350,6371,2026-04-23,2026-04-23T13:02:12.567Z,isaiah,Bubba Chandler,5,NO,29,241.3,win,true,,""
sweep-350,6374,2026-04-23,2026-04-23T13:02:12.567Z,isaiah,Edward Cabrera,6,NO,23,16.78,win,true,,""
sweep-350,6375,2026-04-23,2026-04-23T13:02:12.567Z,isaiah,Edward Cabrera,5,NO,26,-22.92,loss,true,,""
sweep-350,6385,2026-04-23,2026-04-23T13:02:58.765Z,,Cristopher Sánchez,8,YES,163,-43.21,loss,false,,"{""reason"":""unknown_user_id""}"
sweep-350,6386,2026-04-23,2026-04-23T13:02:58.765Z,,Cristopher Sánchez,7,YES,89,-42.82,loss,false,,"{""reason"":""unknown_user_id""}"
sweep-350,6389,2026-04-23,2026-04-23T13:02:58.765Z,,Cristopher Sánchez,9,YES,296,-78.22,loss,false,,"{""reason"":""unknown_user_id""}"
sweep-350,6394,2026-04-23,2026-04-23T13:02:58.765Z,,Davis Martin,4,YES,48,94.56,win,false,,"{""reason"":""unknown_user_id""}"
sweep-350,6398,2026-04-23,2026-04-23T13:02:58.765Z,,Davis Martin,6,YES,99,366.54,win,false,,"{""reason"":""unknown_user_id""}"
sweep-350,6403,2026-04-23,2026-04-23T13:02:58.765Z,,Tyler Glasnow,7,YES,37,76.8,win,false,,"{""reason"":""unknown_user_id""}"
sweep-350,6407,2026-04-23,2026-04-23T13:02:58.765Z,,Bubba Chandler,5,NO,44,90.48,win,false,,"{""reason"":""unknown_user_id""}"
sweep-350,6410,2026-04-23,2026-04-23T13:02:58.765Z,,Edward Cabrera,6,NO,34,18.4,win,false,,"{""reason"":""unknown_user_id""}"
sweep-350,6411,2026-04-23,2026-04-23T13:02:58.765Z,,Edward Cabrera,5,NO,39,-24.83,loss,false,,"{""reason"":""unknown_user_id""}"
sweep-350,6368,2026-04-23,2026-04-23T19:30:30.626Z,isaiah,Tyler Glasnow,7,YES,19,71.59,win,true,,""
sweep-350,6424,2026-04-23,2026-04-23T19:30:30.626Z,isaiah,Ryan Feltner,5,NO,39,19.54,win,true,,""
sweep-350,6430,2026-04-23,2026-04-23T19:30:30.626Z,isaiah,Payton Tolle,7,YES,55,44,win,true,,""
sweep-350,6350,2026-04-23,2026-04-23T19:30:31.170Z,isaiah,Cristopher Sánchez,7,YES,101,-79.78,loss,true,,""
sweep-350,6422,2026-04-23,2026-04-23T19:30:31.170Z,isaiah,Cristopher Sánchez,5,YES,48,-19.26,loss,true,,""
sweep-350,6421,2026-04-23,2026-04-23T19:30:36.301Z,isaiah,Cristopher Sánchez,6,YES,353,-24.72,loss,false,ORDER_USD_OVER_LIMIT,"{""bet_amount_usd"":353,""limit_usd"":125,""strategy_mode"":""pregame_model""}"
sweep-350,6435,2026-04-23,2026-04-23T19:31:16.821Z,,Cristopher Sánchez,5,YES,52,-20.29,loss,false,,"{""reason"":""unknown_user_id""}"
sweep-350,6438,2026-04-23,2026-04-23T19:31:16.821Z,,Payton Tolle,6,YES,41,3.85,win,false,,"{""reason"":""unknown_user_id""}"
sweep-350,6434,2026-04-23,2026-04-23T19:31:17.008Z,,Cristopher Sánchez,6,YES,384,-26.89,loss,false,,"{""reason"":""unknown_user_id""}"
sweep-350,6437,2026-04-23,2026-04-23T19:31:17.008Z,,Cam Schlittler,7,YES,19,-7.6,loss,false,,"{""reason"":""unknown_user_id""}"
sweep-350,6427,2026-04-23,2026-04-23T19:49:27.766Z,isaiah,Payton Tolle,6,YES,76,25.46,win,true,,""
sweep-350,6440,2026-04-23,2026-04-23T19:53:51.713Z,isaiah,Tyler Glasnow,9,YES,103,87.55,win,true,,""
sweep-350,6943,2026-04-24,2026-04-24T21:17:30.682Z,isaiah,Paul Skenes,6,NO,31,-11.78,loss,true,,""
sweep-350,6944,2026-04-24,2026-04-24T21:17:30.682Z,isaiah,Andrew Abbott,5,NO,21,0,void,true,,""
sweep-350,6945,2026-04-24,2026-04-24T21:17:30.682Z,isaiah,Brandon Woodruff,6,NO,29,17.69,win,true,,""
sweep-350,6946,2026-04-24,2026-04-24T21:17:30.682Z,isaiah,Paul Skenes,7,NO,17,0,void,true,,""
sweep-350,6947,2026-04-24,2026-04-24T21:17:30.682Z,isaiah,Michael Lorenzen,4,NO,21,0,void,true,,""
sweep-350,6948,2026-04-24,2026-04-24T21:17:30.682Z,isaiah,Max Scherzer,4,NO,20,0,void,true,,""
sweep-350,6949,2026-04-24,2026-04-24T21:17:30.682Z,isaiah,Freddy Peralta,7,NO,17,0,void,true,,""
sweep-350,6950,2026-04-24,2026-04-24T21:17:30.682Z,isaiah,Framber Valdez,6,NO,16,2.44,win,true,,""
sweep-350,6951,2026-04-24,2026-04-24T21:17:30.682Z,isaiah,Brandon Woodruff,7,NO,13,5.2,win,true,,""
sweep-350,6952,2026-04-24,2026-04-24T21:17:30.682Z,isaiah,Paul Skenes,8,NO,11,0,void,true,,""
sweep-350,6953,2026-04-24,2026-04-24T21:17:30.682Z,isaiah,Michael Lorenzen,5,NO,12,4.43,win,true,,""
sweep-350,6954,2026-04-24,2026-04-24T21:17:30.682Z,isaiah,Gavin Williams,6,YES,14,-6.41,loss,true,,""
sweep-350,6955,2026-04-24,2026-04-24T21:17:30.682Z,isaiah,Andrew Abbott,6,NO,10,2.5,win,true,,""
sweep-350,6956,2026-04-24,2026-04-24T21:17:30.682Z,isaiah,Framber Valdez,5,NO,20,12.8,win,true,,""
sweep-350,6957,2026-04-24,2026-04-24T21:17:30.682Z,isaiah,Brandon Woodruff,8,NO,10,0,void,true,,""
sweep-350,6958,2026-04-24,2026-04-24T21:17:30.682Z,isaiah,Brayan Bello,4,NO,18,10.86,win,true,,""
sweep-350,6959,2026-04-24,2026-04-24T21:17:30.682Z,isaiah,Brayan Bello,5,NO,12,0,void,true,,""
sweep-350,6960,2026-04-24,2026-04-24T21:17:30.682Z,isaiah,Gavin Williams,7,YES,18,-5.85,loss,true,,""
sweep-350,6961,2026-04-24,2026-04-24T21:17:30.682Z,isaiah,Noah Cameron,5,NO,14,0,void,true,,""
sweep-350,6962,2026-04-24,2026-04-24T21:17:30.682Z,isaiah,Gavin Williams,8,YES,27,-5.43,loss,true,,""
sweep-350,6963,2026-04-24,2026-04-24T21:17:30.682Z,isaiah,Michael Lorenzen,6,NO,8,0,void,true,,""
sweep-350,6964,2026-04-24,2026-04-24T21:17:30.682Z,isaiah,Grant Holmes,5,NO,13,7.15,win,true,,""
sweep-350,6965,2026-04-24,2026-04-24T21:17:30.682Z,isaiah,Andrew Abbott,2,NO,52,-6.08,loss,true,,""
sweep-350,6966,2026-04-24,2026-04-24T21:17:30.682Z,isaiah,Max Scherzer,5,NO,8,2.72,win,true,,""
sweep-350,6967,2026-04-24,2026-04-24T21:17:30.682Z,isaiah,Freddy Peralta,4,NO,62,-5.94,loss,true,,""
sweep-350,6968,2026-04-24,2026-04-24T21:17:30.682Z,isaiah,Drew Rasmussen,7,YES,18,-4.55,loss,true,,""
sweep-350,6969,2026-04-24,2026-04-24T21:17:30.682Z,isaiah,Framber Valdez,7,NO,7,2.17,win,true,,""
sweep-350,6970,2026-04-24,2026-04-24T21:17:30.682Z,isaiah,Brayan Bello,6,NO,7,0,void,true,,""
sweep-350,6971,2026-04-24,2026-04-24T21:17:30.682Z,isaiah,Grant Holmes,6,NO,7,0,void,true,,""
sweep-350,6972,2026-04-24,2026-04-24T21:17:30.682Z,isaiah,Noah Cameron,6,NO,7,0,void,true,,""
sweep-350,6973,2026-04-24,2026-04-24T21:17:30.682Z,isaiah,Freddy Peralta,8,NO,7,-4.69,loss,true,,""
sweep-350,6974,2026-04-24,2026-04-24T21:17:30.682Z,isaiah,Framber Valdez,8,NO,5,0,void,true,,""
sweep-350,6975,2026-04-24,2026-04-24T21:17:30.682Z,isaiah,Adrian Houser,4,NO,8,0,void,true,,""
sweep-350,6976,2026-04-24,2026-04-24T21:17:30.682Z,isaiah,Freddy Peralta,9,NO,5,0,void,true,,""
sweep-350,6977,2026-04-24,2026-04-24T21:18:26.696Z,,Paul Skenes,6,NO,27,0,void,false,,"{""reason"":""unknown_user_id""}"
sweep-350,6978,2026-04-24,2026-04-24T21:18:26.696Z,,Andrew Abbott,5,NO,18,0,void,false,,"{""reason"":""unknown_user_id""}"
sweep-350,6979,2026-04-24,2026-04-24T21:18:26.696Z,,Brandon Woodruff,6,NO,26,15.86,win,false,,"{""reason"":""unknown_user_id""}"
sweep-350,6980,2026-04-24,2026-04-24T21:18:26.696Z,,Paul Skenes,7,NO,15,0,void,false,,"{""reason"":""unknown_user_id""}"
sweep-350,6981,2026-04-24,2026-04-24T21:18:26.696Z,,Michael Lorenzen,4,NO,19,0,void,false,,"{""reason"":""unknown_user_id""}"
sweep-350,6982,2026-04-24,2026-04-24T21:18:26.696Z,,Max Scherzer,4,NO,17,0,void,false,,"{""reason"":""unknown_user_id""}"
sweep-350,6983,2026-04-24,2026-04-24T21:18:26.696Z,,Freddy Peralta,7,NO,15,0,void,false,,"{""reason"":""unknown_user_id""}"
sweep-350,6984,2026-04-24,2026-04-24T21:18:26.696Z,,Framber Valdez,6,NO,14,0,void,false,,"{""reason"":""unknown_user_id""}"
sweep-350,6985,2026-04-24,2026-04-24T21:18:26.696Z,,Brandon Woodruff,7,NO,12,4.59,win,false,,"{""reason"":""unknown_user_id""}"
sweep-350,6986,2026-04-24,2026-04-24T21:18:26.696Z,,Paul Skenes,8,NO,10,0,void,false,,"{""reason"":""unknown_user_id""}"
sweep-350,6987,2026-04-24,2026-04-24T21:18:26.696Z,,Michael Lorenzen,5,NO,10,0,void,false,,"{""reason"":""unknown_user_id""}"
sweep-350,6988,2026-04-24,2026-04-24T21:18:26.696Z,,Gavin Williams,6,YES,12,-5.49,loss,false,,"{""reason"":""unknown_user_id""}"
sweep-350,6989,2026-04-24,2026-04-24T21:18:26.696Z,,Andrew Abbott,6,NO,8,2,win,false,,"{""reason"":""unknown_user_id""}"
sweep-350,6990,2026-04-24,2026-04-24T21:18:26.696Z,,Framber Valdez,5,NO,17,10.88,win,false,,"{""reason"":""unknown_user_id""}"
sweep-350,6991,2026-04-24,2026-04-24T21:18:26.696Z,,Brandon Woodruff,8,NO,9,0,void,false,,"{""reason"":""unknown_user_id""}"
sweep-350,6992,2026-04-24,2026-04-24T21:18:26.696Z,,Brayan Bello,4,NO,16,9.65,win,false,,"{""reason"":""unknown_user_id""}"
sweep-350,6993,2026-04-24,2026-04-24T21:18:26.696Z,,Brayan Bello,5,NO,11,0,void,false,,"{""reason"":""unknown_user_id""}"
sweep-350,6994,2026-04-24,2026-04-24T21:18:26.696Z,,Gavin Williams,7,YES,16,-5.2,loss,false,,"{""reason"":""unknown_user_id""}"
sweep-350,6995,2026-04-24,2026-04-24T21:18:26.696Z,,Noah Cameron,5,NO,12,0,void,false,,"{""reason"":""unknown_user_id""}"
sweep-350,6996,2026-04-24,2026-04-24T21:18:26.696Z,,Gavin Williams,8,YES,23,-4.62,loss,false,,"{""reason"":""unknown_user_id""}"
sweep-350,6997,2026-04-24,2026-04-24T21:18:26.696Z,,Michael Lorenzen,6,NO,7,0,void,false,,"{""reason"":""unknown_user_id""}"
sweep-350,6998,2026-04-24,2026-04-24T21:18:26.696Z,,Grant Holmes,5,NO,11,6.05,win,false,,"{""reason"":""unknown_user_id""}"
sweep-350,6999,2026-04-24,2026-04-24T21:18:26.696Z,,Andrew Abbott,2,NO,45,-5.26,loss,false,,"{""reason"":""unknown_user_id""}"
sweep-350,7000,2026-04-24,2026-04-24T21:18:26.696Z,,Max Scherzer,5,NO,7,2.38,win,false,,"{""reason"":""unknown_user_id""}"
sweep-350,7001,2026-04-24,2026-04-24T21:18:26.696Z,,Freddy Peralta,4,NO,54,-5.17,loss,false,,"{""reason"":""unknown_user_id""}"
sweep-350,7002,2026-04-24,2026-04-24T21:18:26.696Z,,Drew Rasmussen,7,YES,16,-0.78,loss,false,,"{""reason"":""unknown_user_id""}"
sweep-350,7003,2026-04-24,2026-04-24T21:18:26.696Z,,Framber Valdez,7,NO,6,1.86,win,false,,"{""reason"":""unknown_user_id""}"
sweep-350,7004,2026-04-24,2026-04-24T21:18:26.696Z,,Brayan Bello,6,NO,6,0,void,false,,"{""reason"":""unknown_user_id""}"
sweep-350,7005,2026-04-24,2026-04-24T21:18:26.696Z,,Grant Holmes,6,NO,6,0,void,false,,"{""reason"":""unknown_user_id""}"
sweep-350,7006,2026-04-24,2026-04-24T21:18:26.696Z,,Noah Cameron,6,NO,6,0,void,false,,"{""reason"":""unknown_user_id""}"
sweep-350,7007,2026-04-24,2026-04-24T21:18:26.696Z,,Freddy Peralta,8,NO,6,-4.02,loss,false,,"{""reason"":""unknown_user_id""}"
sweep-350,7008,2026-04-24,2026-04-24T21:18:26.696Z,,Framber Valdez,8,NO,5,0,void,false,,"{""reason"":""unknown_user_id""}"
sweep-350,7009,2026-04-24,2026-04-24T21:18:26.696Z,,Adrian Houser,4,NO,7,0,void,false,,"{""reason"":""unknown_user_id""}"
sweep-350,7010,2026-04-24,2026-04-24T21:18:26.696Z,,Freddy Peralta,9,NO,5,0,void,false,,"{""reason"":""unknown_user_id""}"
sweep-350,7026,2026-04-25,2026-04-25T12:41:05.652Z,isaiah,Jeffrey Springs,6,YES,41,-17.09,loss,true,,""
sweep-350,7027,2026-04-25,2026-04-25T12:41:05.652Z,isaiah,Walbert Urena,4,YES,33,-7.88,loss,true,,""
sweep-350,7029,2026-04-25,2026-04-25T12:41:05.652Z,isaiah,Zack Wheeler,8,YES,96,0,void,true,,""
sweep-350,7031,2026-04-25,2026-04-25T12:41:05.652Z,isaiah,Walbert Urena,3,YES,14,2.07,win,true,,""
sweep-350,7032,2026-04-25,2026-04-25T12:41:05.652Z,isaiah,Zack Wheeler,7,YES,31,-10.4,loss,true,,""
sweep-350,7033,2026-04-25,2026-04-25T12:41:05.652Z,isaiah,Garrett Crochet,7,NO,30,-167.51,loss,true,,""
sweep-350,7034,2026-04-25,2026-04-25T12:41:05.652Z,isaiah,Garrett Crochet,8,NO,22,64.64,win,true,,""
sweep-350,7035,2026-04-25,2026-04-25T12:41:05.652Z,isaiah,Matthew Liberatore,5,NO,19,7.65,win,true,,""
sweep-350,7036,2026-04-25,2026-04-25T12:41:05.652Z,isaiah,Ryan Weathers,8,YES,58,-9.22,loss,true,,""
sweep-350,7037,2026-04-25,2026-04-25T12:41:05.652Z,isaiah,Joey Cantillo,5,NO,22,10.83,win,true,,""
sweep-350,7038,2026-04-25,2026-04-25T12:41:05.652Z,isaiah,Ryan Weathers,7,YES,29,-8.83,loss,true,,""
sweep-350,7039,2026-04-25,2026-04-25T12:41:05.652Z,isaiah,Kevin Gausman,7,YES,28,-8.53,loss,true,,""
sweep-350,7040,2026-04-25,2026-04-25T12:41:05.652Z,isaiah,Ryan Weathers,6,YES,18,-8.24,loss,true,,""
sweep-350,7041,2026-04-25,2026-04-25T12:41:05.652Z,isaiah,Mitch Keller,5,NO,18,-9.86,loss,true,,""
sweep-350,7042,2026-04-25,2026-04-25T12:41:05.652Z,isaiah,Kevin Gausman,8,YES,45,-8.1,loss,true,,""
sweep-350,7043,2026-04-25,2026-04-25T12:41:05.652Z,isaiah,Kevin Gausman,6,YES,16,-7.48,loss,true,,""
sweep-350,7044,2026-04-25,2026-04-25T12:41:05.652Z,isaiah,Germán Márquez,4,YES,24,-7.56,loss,true,,""
sweep-350,7045,2026-04-25,2026-04-25T12:41:05.652Z,isaiah,Jeffrey Springs,8,YES,59,-7.52,loss,true,,""
sweep-350,7046,2026-04-25,2026-04-25T12:41:05.652Z,isaiah,Walbert Urena,7,YES,89,-3.79,loss,true,,""
sweep-350,7047,2026-04-25,2026-04-25T12:41:05.652Z,isaiah,Bryce Elder,6,YES,23,-7.48,loss,true,,""
sweep-350,7048,2026-04-25,2026-04-25T12:41:05.652Z,isaiah,Jack Flaherty,6,NO,16,7.88,win,true,,""
sweep-350,7049,2026-04-25,2026-04-25T12:42:03.217Z,,Jeffrey Springs,6,YES,13,-5.42,loss,false,,"{""reason"":""unknown_user_id""}"
sweep-350,7050,2026-04-25,2026-04-25T12:42:03.217Z,,Walbert Urena,4,YES,11,-2.63,loss,false,,"{""reason"":""unknown_user_id""}"
sweep-350,7052,2026-04-25,2026-04-25T12:42:03.217Z,,Zack Wheeler,8,YES,31,0,void,false,,"{""reason"":""unknown_user_id""}"
sweep-350,7054,2026-04-25,2026-04-25T12:42:03.217Z,,Walbert Urena,3,YES,5,0.74,win,false,,"{""reason"":""unknown_user_id""}"
sweep-350,7055,2026-04-25,2026-04-25T12:42:03.217Z,,Zack Wheeler,7,YES,10,-3.36,loss,false,,"{""reason"":""unknown_user_id""}"
sweep-350,7056,2026-04-25,2026-04-25T12:42:03.217Z,,Garrett Crochet,7,NO,10,-4.09,loss,false,,"{""reason"":""unknown_user_id""}"
sweep-350,7057,2026-04-25,2026-04-25T12:42:03.217Z,,Garrett Crochet,8,NO,7,3.16,win,false,,"{""reason"":""unknown_user_id""}"
sweep-350,7058,2026-04-25,2026-04-25T12:42:03.217Z,,Matthew Liberatore,5,NO,6,2.41,win,false,,"{""reason"":""unknown_user_id""}"
sweep-350,7059,2026-04-25,2026-04-25T12:42:03.217Z,,Ryan Weathers,8,YES,19,-3.02,loss,false,,"{""reason"":""unknown_user_id""}"
sweep-350,7060,2026-04-25,2026-04-25T12:42:03.217Z,,Joey Cantillo,5,NO,7,3.44,win,false,,"{""reason"":""unknown_user_id""}"
sweep-350,7061,2026-04-25,2026-04-25T12:42:03.217Z,,Ryan Weathers,7,YES,9,-2.74,loss,false,,"{""reason"":""unknown_user_id""}"
sweep-350,7062,2026-04-25,2026-04-25T12:42:03.217Z,,Kevin Gausman,7,YES,9,-2.74,loss,false,,"{""reason"":""unknown_user_id""}"
sweep-350,7063,2026-04-25,2026-04-25T12:42:03.217Z,,Ryan Weathers,6,YES,6,-2.75,loss,false,,"{""reason"":""unknown_user_id""}"
sweep-350,7065,2026-04-25,2026-04-25T12:42:03.217Z,,Kevin Gausman,8,YES,15,-2.55,loss,false,,"{""reason"":""unknown_user_id""}"
sweep-350,7066,2026-04-25,2026-04-25T12:42:03.217Z,,Kevin Gausman,6,YES,5,-2.34,loss,false,,"{""reason"":""unknown_user_id""}"
sweep-350,7067,2026-04-25,2026-04-25T12:42:03.217Z,,Germán Márquez,4,YES,8,-2.52,loss,false,,"{""reason"":""unknown_user_id""}"
sweep-350,7068,2026-04-25,2026-04-25T12:42:03.217Z,,Jeffrey Springs,8,YES,19,-2.23,loss,false,,"{""reason"":""unknown_user_id""}"
sweep-350,7069,2026-04-25,2026-04-25T12:42:03.217Z,,Walbert Urena,7,YES,29,-1.09,loss,false,,"{""reason"":""unknown_user_id""}"
sweep-350,7070,2026-04-25,2026-04-25T12:42:03.217Z,,Bryce Elder,6,YES,7,-2.28,loss,false,,"{""reason"":""unknown_user_id""}"
sweep-350,7071,2026-04-25,2026-04-25T12:42:03.217Z,,Jack Flaherty,6,NO,5,2.46,win,false,,"{""reason"":""unknown_user_id""}"
sweep-350,7030,2026-04-25,2026-04-25T19:56:43.215Z,isaiah,Brady Singer,5,NO,69,14.77,win,true,,""
sweep-350,7084,2026-04-25,2026-04-25T19:56:43.215Z,isaiah,Cole Ragans,8,NO,37,-25.99,loss,true,,""
sweep-350,7064,2026-04-25,2026-04-25T19:57:30.059Z,,Mitch Keller,5,NO,20,-3.29,loss,false,,"{""reason"":""unknown_user_id""}"
sweep-350,7089,2026-04-25,2026-04-25T19:57:30.059Z,,Cole Ragans,8,NO,19,-13.3,loss,false,,"{""reason"":""unknown_user_id""}"
sweep-350,7090,2026-04-25,2026-04-25T19:57:30.059Z,,Brady Singer,6,NO,16,4.72,win,false,,"{""reason"":""unknown_user_id""}"
sweep-350,7095,2026-04-25,2026-04-25T20:00:14.802Z,isaiah,Jeffrey Springs,7,YES,75,-16.63,loss,true,,""
sweep-350,7028,2026-04-25,2026-04-25T20:00:31.476Z,isaiah,Cole Ragans,7,NO,61,-16.88,loss,true,,""
sweep-350,7080,2026-04-25,2026-04-25T20:00:31.476Z,isaiah,Cole Ragans,5,NO,136,-40.53,loss,false,ORDER_USD_OVER_LIMIT,"{""bet_amount_usd"":136,""limit_usd"":125,""strategy_mode"":""pregame_model""}"
sweep-350,7081,2026-04-25,2026-04-25T20:00:31.476Z,isaiah,Cole Ragans,6,NO,88,-39.71,loss,true,,""
sweep-350,7051,2026-04-25,2026-04-25T20:01:02.810Z,,Cole Ragans,7,NO,32,-5.28,loss,false,,"{""reason"":""unknown_user_id""}"
sweep-350,7053,2026-04-25,2026-04-25T20:01:02.810Z,,Brady Singer,5,NO,34,4.92,win,false,,"{""reason"":""unknown_user_id""}"
sweep-350,7085,2026-04-25,2026-04-25T20:01:02.810Z,,Cole Ragans,5,NO,70,-20.07,loss,false,,"{""reason"":""unknown_user_id""}"
sweep-350,7086,2026-04-25,2026-04-25T20:01:02.810Z,,Cole Ragans,6,NO,46,-20.5,loss,false,,"{""reason"":""unknown_user_id""}"
sweep-350,7225,2026-04-25,2026-04-26T00:16:56.022Z,,Walbert Ureña,3,YES,100,0.74,win,false,,"{""reason"":""unknown_user_id""}"
sweep-350,7233,2026-04-25,2026-04-26T00:36:41.648Z,isaiah,Walbert Ureña,3,YES,100,2.07,win,true,,""
sweep-350,7253,2026-04-25,2026-04-26T01:05:15.805Z,,Walbert Ureña,7,YES,100,-1.09,loss,false,,"{""reason"":""unknown_user_id""}"
sweep-350,7254,2026-04-25,2026-04-26T01:05:16.117Z,,Walbert Ureña,4,YES,100,-2.63,loss,false,,"{""reason"":""unknown_user_id""}"
sweep-350,7278,2026-04-25,2026-04-26T01:32:02.450Z,isaiah,Walbert Ureña,7,YES,100,-3.79,loss,true,,""
sweep-350,7279,2026-04-25,2026-04-26T01:32:02.803Z,isaiah,Walbert Ureña,4,YES,100,-7.88,loss,true,,""
sweep-350,7447,2026-04-26,2026-04-26T13:38:20.718Z,,Scottie Barnes,2,YES,10,,,false,,"{""reason"":""unknown_user_id""}"
sweep-350,7448,2026-04-26,2026-04-26T13:38:20.718Z,,Brandon Ingram,2,NO,10,,,false,,"{""reason"":""unknown_user_id""}"
sweep-350,7449,2026-04-26,2026-04-26T13:38:20.718Z,,Scottie Barnes,3,YES,10,,,false,,"{""reason"":""unknown_user_id""}"
sweep-350,7450,2026-04-26,2026-04-26T13:38:20.718Z,,Scottie Barnes,1,YES,10,,,false,,"{""reason"":""unknown_user_id""}"
sweep-350,7451,2026-04-26,2026-04-26T13:38:20.718Z,,Derrick White,2,NO,10,,,false,,"{""reason"":""unknown_user_id""}"
sweep-350,7452,2026-04-26,2026-04-26T13:38:20.718Z,,Jaylen Brown,2,YES,10,,,false,,"{""reason"":""unknown_user_id""}"
sweep-350,7453,2026-04-26,2026-04-26T13:38:20.718Z,,Stephon Castle,2,YES,10,,,false,,"{""reason"":""unknown_user_id""}"
sweep-350,7454,2026-04-26,2026-04-26T13:38:20.718Z,,Nikola Vučević,2,YES,10,,,false,,"{""reason"":""unknown_user_id""}"
sweep-350,7455,2026-04-26,2026-04-26T13:38:20.718Z,,Stephon Castle,3,YES,10,,,false,,"{""reason"":""unknown_user_id""}"
sweep-350,7456,2026-04-26,2026-04-26T13:38:20.718Z,,Brandon Ingram,3,NO,10,,,false,,"{""reason"":""unknown_user_id""}"
sweep-350,7457,2026-04-26,2026-04-26T13:38:20.718Z,,Jaylon Tyson,2,YES,10,,,false,,"{""reason"":""unknown_user_id""}"
sweep-350,7458,2026-04-26,2026-04-26T13:38:20.718Z,,LeBron James,2,YES,10,,,false,,"{""reason"":""unknown_user_id""}"
sweep-350,7459,2026-04-26,2026-04-26T13:38:20.718Z,,Scottie Barnes,4,YES,10,,,false,,"{""reason"":""unknown_user_id""}"
sweep-350,7460,2026-04-26,2026-04-26T13:38:20.718Z,,Jaylen Brown,4,YES,10,,,false,,"{""reason"":""unknown_user_id""}"
sweep-350,7461,2026-04-26,2026-04-26T13:38:20.718Z,,LeBron James,3,YES,10,,,false,,"{""reason"":""unknown_user_id""}"
sweep-350,7462,2026-04-26,2026-04-26T13:38:20.718Z,,Deni Avdija,2,NO,10,,,false,,"{""reason"":""unknown_user_id""}"
sweep-350,7463,2026-04-26,2026-04-26T13:38:20.718Z,,LeBron James,4,YES,10,,,false,,"{""reason"":""unknown_user_id""}"
sweep-350,7464,2026-04-26,2026-04-26T13:38:20.718Z,,Nikola Vučević,3,YES,10,,,false,,"{""reason"":""unknown_user_id""}"
sweep-350,7465,2026-04-26,2026-04-26T13:38:20.718Z,,Stephon Castle,1,YES,10,,,false,,"{""reason"":""unknown_user_id""}"
sweep-350,7466,2026-04-26,2026-04-26T13:38:20.718Z,,Tyrese Maxey,4,YES,10,,,false,,"{""reason"":""unknown_user_id""}"
sweep-350,7467,2026-04-26,2026-04-26T13:38:20.718Z,,Tyrese Maxey,3,YES,10,,,false,,"{""reason"":""unknown_user_id""}"
sweep-350,7468,2026-04-26,2026-04-26T13:38:20.718Z,,De'Aaron Fox,2,NO,10,,,false,,"{""reason"":""unknown_user_id""}"
sweep-350,7469,2026-04-26,2026-04-26T13:38:20.718Z,,Tyrese Maxey,5,YES,10,,,false,,"{""reason"":""unknown_user_id""}"
sweep-350,7470,2026-04-26,2026-04-26T13:38:20.718Z,,Jaylen Brown,1,YES,10,,,false,,"{""reason"":""unknown_user_id""}"
sweep-350,7471,2026-04-26,2026-04-26T13:38:20.718Z,,Tyrese Maxey,6,YES,10,,,false,,"{""reason"":""unknown_user_id""}"
sweep-350,7472,2026-04-26,2026-04-26T13:38:20.718Z,,LeBron James,1,YES,10,,,false,,"{""reason"":""unknown_user_id""}"
sweep-350,7473,2026-04-26,2026-04-26T13:38:20.718Z,,James Harden,3,YES,10,,,false,,"{""reason"":""unknown_user_id""}"
sweep-350,7474,2026-04-26,2026-04-26T13:38:20.718Z,,James Harden,4,YES,10,,,false,,"{""reason"":""unknown_user_id""}"
sweep-350,7475,2026-04-26,2026-04-26T13:38:20.718Z,,Jaylon Tyson,3,YES,10,,,false,,"{""reason"":""unknown_user_id""}"
sweep-350,7476,2026-04-26,2026-04-26T13:38:20.718Z,,Jaylen Brown,5,YES,10,,,false,,"{""reason"":""unknown_user_id""}"
sweep-350,7477,2026-04-26,2026-04-26T13:38:20.718Z,,Reed Sheppard,5,YES,10,,,false,,"{""reason"":""unknown_user_id""}"
sweep-350,7478,2026-04-26,2026-04-26T13:38:20.718Z,,Brandon Ingram,4,NO,10,,,false,,"{""reason"":""unknown_user_id""}"
sweep-350,7479,2026-04-26,2026-04-26T13:38:20.718Z,,James Harden,5,YES,10,,,false,,"{""reason"":""unknown_user_id""}"
sweep-350,7480,2026-04-26,2026-04-26T13:38:20.718Z,,James Harden,2,YES,10,,,false,,"{""reason"":""unknown_user_id""}"
sweep-350,7481,2026-04-26,2026-04-26T13:38:20.718Z,,LeBron James,5,YES,10,,,false,,"{""reason"":""unknown_user_id""}"
sweep-350,7482,2026-04-26,2026-04-26T13:38:20.718Z,,Tari Eason,3,YES,10,,,false,,"{""reason"":""unknown_user_id""}"
sweep-350,7483,2026-04-26,2026-04-26T14:21:26.025Z,isaiah,Keider Montero,5,YES,77,38.67,win,true,,""
sweep-350,7484,2026-04-26,2026-04-26T14:22:12.057Z,,Keider Montero,5,YES,27,13.56,win,false,,"{""reason"":""unknown_user_id""}"
sweep-350,7485,2026-04-26,2026-04-26T14:46:26.266Z,isaiah,Aaron Nola,5,YES,31,12.49,win,true,,""
sweep-350,7486,2026-04-26,2026-04-26T14:46:26.266Z,isaiah,Aaron Nola,6,YES,38,22.16,win,true,,""
sweep-350,7487,2026-04-26,2026-04-26T14:46:26.266Z,isaiah,Aaron Nola,8,YES,78,-11.58,loss,true,,""
sweep-350,7488,2026-04-26,2026-04-26T14:47:13.374Z,,Aaron Nola,5,YES,11,4.43,win,false,,"{""reason"":""unknown_user_id""}"
sweep-350,7489,2026-04-26,2026-04-26T14:47:13.374Z,,Aaron Nola,6,YES,13,7.58,win,false,,"{""reason"":""unknown_user_id""}"
sweep-350,7490,2026-04-26,2026-04-26T14:47:13.374Z,,Aaron Nola,8,YES,27,-4.01,loss,false,,"{""reason"":""unknown_user_id""}"
sweep-350,7491,2026-04-26,2026-04-26T15:06:20.192Z,isaiah,Slade Cecconi,4,YES,31,14.37,win,true,,""
sweep-350,7492,2026-04-26,2026-04-26T15:06:20.192Z,isaiah,Slade Cecconi,5,YES,42,27.48,win,true,,""
sweep-350,7493,2026-04-26,2026-04-26T15:06:20.192Z,isaiah,Slade Cecconi,6,YES,57,-10.85,loss,true,,""
sweep-350,7494,2026-04-26,2026-04-26T15:07:07.382Z,,Slade Cecconi,4,YES,11,5.28,win,false,,"{""reason"":""unknown_user_id""}"
sweep-350,7495,2026-04-26,2026-04-26T15:07:07.382Z,,Slade Cecconi,5,YES,14,9.16,win,false,,"{""reason"":""unknown_user_id""}"
sweep-350,7496,2026-04-26,2026-04-26T15:07:07.382Z,,Slade Cecconi,6,YES,20,-3.81,loss,false,,"{""reason"":""unknown_user_id""}"
sweep-350,7497,2026-04-26,2026-04-26T15:21:42.343Z,isaiah,Spencer Arrighetti,6,YES,52,24.66,win,true,,""
sweep-350,7498,2026-04-26,2026-04-26T15:21:42.343Z,isaiah,Spencer Arrighetti,7,YES,68,42.37,win,true,,""
sweep-350,7499,2026-04-26,2026-04-26T15:21:42.343Z,isaiah,Spencer Arrighetti,8,YES,101,76.08,win,true,,""
sweep-350,7500,2026-04-26,2026-04-26T15:22:29.406Z,,Spencer Arrighetti,6,YES,18,8.54,win,false,,"{""reason"":""unknown_user_id""}"
sweep-350,7501,2026-04-26,2026-04-26T15:22:29.406Z,,Spencer Arrighetti,7,YES,23,14.33,win,false,,"{""reason"":""unknown_user_id""}"
sweep-350,7502,2026-04-26,2026-04-26T15:22:29.406Z,,Spencer Arrighetti,8,YES,35,26.37,win,false,,"{""reason"":""unknown_user_id""}"
sweep-350,7503,2026-04-26,2026-04-26T15:36:39.207Z,isaiah,Kumar Rocker,5,YES,24,-11.04,loss,true,,""
sweep-350,7504,2026-04-26,2026-04-26T15:36:39.207Z,isaiah,Kumar Rocker,6,YES,38,-10.26,loss,true,,""
sweep-350,7505,2026-04-26,2026-04-26T15:36:39.207Z,isaiah,Kumar Rocker,7,YES,60,-8.4,loss,true,,""
sweep-350,7506,2026-04-26,2026-04-26T15:37:26.357Z,,Kumar Rocker,5,YES,8,-3.68,loss,false,,"{""reason"":""unknown_user_id""}"
sweep-350,7507,2026-04-26,2026-04-26T15:37:26.357Z,,Kumar Rocker,6,YES,13,-3.51,loss,false,,"{""reason"":""unknown_user_id""}"
sweep-350,7508,2026-04-26,2026-04-26T15:37:26.357Z,,Kumar Rocker,7,YES,21,-2.94,loss,false,,"{""reason"":""unknown_user_id""}"
sweep-350,7509,2026-04-26,2026-04-26T15:38:11.390Z,isaiah,J.T. Ginn,5,YES,92,-41.4,loss,true,,""
sweep-350,7510,2026-04-26,2026-04-26T15:38:57.404Z,,J.T. Ginn,5,YES,32,-14.4,loss,false,,"{""reason"":""unknown_user_id""}"
sweep-350,7511,2026-04-26,2026-04-26T15:40:58.836Z,isaiah,Kyle Harrison,6,NO,63,-34.02,loss,true,,""
sweep-350,7512,2026-04-26,2026-04-26T15:41:44.869Z,,Kyle Harrison,6,NO,22,-11.88,loss,false,,"{""reason"":""unknown_user_id""}"
sweep-350,7513,2026-04-26,2026-04-26T15:42:25.407Z,isaiah,Carmen Mlodzinski,5,YES,28,-14.28,loss,true,,""
sweep-350,7514,2026-04-26,2026-04-26T15:42:25.407Z,isaiah,Carmen Mlodzinski,6,YES,39,-12.87,loss,true,,""
sweep-350,7515,2026-04-26,2026-04-26T15:42:25.407Z,isaiah,Carmen Mlodzinski,7,YES,54,-10.26,loss,true,,""
sweep-350,7516,2026-04-26,2026-04-26T15:43:12.606Z,,Carmen Mlodzinski,5,YES,10,-5.3,loss,false,,"{""reason"":""unknown_user_id""}"
sweep-350,7517,2026-04-26,2026-04-26T15:43:12.606Z,,Carmen Mlodzinski,6,YES,13,-4.29,loss,false,,"{""reason"":""unknown_user_id""}"
sweep-350,7518,2026-04-26,2026-04-26T15:43:12.606Z,,Carmen Mlodzinski,7,YES,19,-3.61,loss,false,,"{""reason"":""unknown_user_id""}"
sweep-350,7519,2026-04-26,2026-04-26T16:20:55.417Z,isaiah,Kyle Bradish,8,YES,47,-12.37,loss,true,,""
sweep-350,7520,2026-04-26,2026-04-26T16:20:55.417Z,isaiah,Kyle Bradish,7,YES,28,-11.96,loss,true,,""
sweep-350,7521,2026-04-26,2026-04-26T16:20:55.417Z,isaiah,Kyle Bradish,9,YES,62,-9.86,loss,true,,""
sweep-350,7522,2026-04-26,2026-04-26T16:21:42.620Z,,Kyle Bradish,8,YES,36,-9.48,loss,false,,"{""reason"":""unknown_user_id""}"
sweep-350,7523,2026-04-26,2026-04-26T16:21:42.620Z,,Kyle Bradish,7,YES,21,-8.76,loss,false,,"{""reason"":""unknown_user_id""}"
sweep-350,7524,2026-04-26,2026-04-26T16:21:42.620Z,,Kyle Bradish,9,YES,47,-7.47,loss,false,,"{""reason"":""unknown_user_id""}"
sweep-350,7525,2026-04-26,2026-04-26T16:22:25.163Z,isaiah,Connelly Early,6,YES,32,-15.6,loss,true,,""
sweep-350,7526,2026-04-26,2026-04-26T16:22:25.163Z,isaiah,Connelly Early,7,YES,42,-13.65,loss,true,,""
sweep-350,7527,2026-04-26,2026-04-26T16:22:25.163Z,isaiah,Connelly Early,8,YES,60,-11.42,loss,true,,""
sweep-350,7528,2026-04-26,2026-04-26T16:23:12.403Z,,Connelly Early,6,YES,24,-11.7,loss,false,,"{""reason"":""unknown_user_id""}"
sweep-350,7529,2026-04-26,2026-04-26T16:23:12.403Z,,Connelly Early,7,YES,31,-10.08,loss,false,,"{""reason"":""unknown_user_id""}"
sweep-350,7530,2026-04-26,2026-04-26T16:23:12.403Z,,Connelly Early,8,YES,46,-8.63,loss,false,,"{""reason"":""unknown_user_id""}"
sweep-350,7531,2026-04-26,2026-04-26T17:30:55.128Z,isaiah,Ryne Nelson,4,YES,51,27.98,win,true,,""
sweep-350,7532,2026-04-26,2026-04-26T17:30:55.128Z,isaiah,Ryne Nelson,5,YES,78,-17.16,loss,true,,""
sweep-350,7533,2026-04-26,2026-04-26T17:30:55.128Z,isaiah,Ryne Nelson,6,YES,128,-12.8,loss,false,ORDER_USD_OVER_LIMIT,"{""bet_amount_usd"":128,""limit_usd"":125,""strategy_mode"":""pregame_model""}"
sweep-350,7534,2026-04-26,2026-04-26T17:31:42.324Z,,Ryne Nelson,4,YES,38,20.85,win,false,,"{""reason"":""unknown_user_id""}"
sweep-350,7535,2026-04-26,2026-04-26T17:31:42.324Z,,Ryne Nelson,5,YES,59,-12.98,loss,false,,"{""reason"":""unknown_user_id""}"
sweep-350,7536,2026-04-26,2026-04-26T17:31:42.324Z,,Ryne Nelson,6,YES,97,-9.7,loss,false,,"{""reason"":""unknown_user_id""}"
sweep-350,7537,2026-04-26,2026-04-26T17:32:23.358Z,isaiah,Michael King,4,YES,61,29.5,win,true,,""
sweep-350,7538,2026-04-26,2026-04-26T17:32:23.358Z,isaiah,Michael King,5,YES,72,44.86,win,true,,""
sweep-350,7539,2026-04-26,2026-04-26T17:32:23.358Z,isaiah,Michael King,6,YES,109,61.01,win,true,,""
sweep-350,7540,2026-04-26,2026-04-26T17:33:10.508Z,,Michael King,4,YES,46,22.25,win,false,,"{""reason"":""unknown_user_id""}"
sweep-350,7541,2026-04-26,2026-04-26T17:33:10.508Z,,Michael King,5,YES,55,34.27,win,false,,"{""reason"":""unknown_user_id""}"
sweep-350,7542,2026-04-26,2026-04-26T17:33:10.508Z,,Michael King,6,YES,82,61.01,win,false,,"{""reason"":""unknown_user_id""}"
sweep-350,7543,2026-04-26,2026-04-26T17:36:02.244Z,isaiah,Max Meyer,5,YES,53,28.1,win,true,,""
sweep-350,7544,2026-04-26,2026-04-26T17:36:02.244Z,isaiah,Max Meyer,6,YES,66,-18.48,loss,true,,""
sweep-350,7545,2026-04-26,2026-04-26T17:36:02.244Z,isaiah,Max Meyer,7,YES,91,-21.28,loss,true,,""
sweep-350,7546,2026-04-26,2026-04-26T17:36:49.494Z,,Max Meyer,5,YES,40,21.2,win,false,,"{""reason"":""unknown_user_id""}"
sweep-350,7547,2026-04-26,2026-04-26T17:36:49.494Z,,Max Meyer,6,YES,50,-14,loss,false,,"{""reason"":""unknown_user_id""}"
sweep-350,7548,2026-04-26,2026-04-26T17:36:49.494Z,,Max Meyer,7,YES,69,-12.42,loss,false,,"{""reason"":""unknown_user_id""}"
sweep-350,7551,2026-04-26,2026-04-26T18:11:12.620Z,isaiah,Shota Imanaga,6,YES,64,35.71,win,true,,""
sweep-350,7552,2026-04-26,2026-04-26T18:11:58.780Z,,Shota Imanaga,6,YES,48,26.78,win,false,,"{""reason"":""unknown_user_id""}"
sweep-350,7553,2026-04-26,2026-04-26T18:12:20.889Z,isaiah,Aaron Nola,4,YES,100,0,void,true,,""
sweep-350,7554,2026-04-26,2026-04-26T18:12:24.115Z,,Aaron Nola,4,YES,100,0,void,false,,"{""reason"":""unknown_user_id""}"
sweep-350,7555,2026-04-26,2026-04-26T18:31:32.122Z,isaiah,Justin Wrobleski,5,YES,84,51.56,win,true,,""
sweep-350,7556,2026-04-26,2026-04-26T18:32:18.089Z,,Justin Wrobleski,5,YES,64,0,win,false,,"{""reason"":""unknown_user_id""}"
sweep-350,8493,2026-04-27,2026-04-27T20:42:31.158Z,isaiah,Jack Kochanowicz,4,YES,45,21.15,win,true,,""
sweep-350,8494,2026-04-27,2026-04-27T20:42:31.158Z,isaiah,Jack Kochanowicz,5,YES,72,50.4,win,true,,""
sweep-350,8495,2026-04-27,2026-04-27T20:42:31.158Z,isaiah,Jack Kochanowicz,6,YES,99,-3.84,loss,true,,""
sweep-350,8497,2026-04-27,2026-04-27T20:43:20.310Z,,Jack Kochanowicz,4,YES,42,0,void,false,,"{""reason"":""unknown_user_id""}"
sweep-350,8498,2026-04-27,2026-04-27T20:43:20.310Z,,Jack Kochanowicz,5,YES,67,0,void,false,,"{""reason"":""unknown_user_id""}"
sweep-350,8499,2026-04-27,2026-04-27T20:43:20.310Z,,Jack Kochanowicz,6,YES,93,0,void,false,,"{""reason"":""unknown_user_id""}"
sweep-350,8466,2026-04-27,2026-04-27T21:15:09.928Z,isaiah,Parker Messick,5,YES,53,40.56,win,true,,""
sweep-350,8467,2026-04-27,2026-04-27T21:15:09.928Z,isaiah,Parker Messick,6,YES,66,74.15,win,true,,""
sweep-350,8474,2026-04-27,2026-04-27T21:15:09.928Z,isaiah,Luis Castillo,5,YES,58,-51.15,loss,true,,""
sweep-350,8475,2026-04-27,2026-04-27T21:15:09.928Z,isaiah,Luis Castillo,6,YES,76,-40.8,loss,true,,""
sweep-350,8488,2026-04-27,2026-04-27T21:15:09.928Z,isaiah,Anthony Kay,4,YES,40,-37.7,loss,true,,""
sweep-350,8489,2026-04-27,2026-04-27T21:15:09.928Z,isaiah,Anthony Kay,5,YES,52,-31.54,loss,true,,""
sweep-350,8492,2026-04-27,2026-04-27T21:15:09.928Z,isaiah,Jack Kochanowicz,3,YES,35,10.68,win,true,,""
sweep-350,8500,2026-04-27,2026-04-27T21:15:09.928Z,isaiah,Jack Leiter,6,YES,53,-58.3,loss,true,,""
sweep-350,8502,2026-04-27,2026-04-27T21:15:09.928Z,isaiah,Max Fried,6,YES,52,-9.12,loss,true,,""
sweep-350,8504,2026-04-27,2026-04-27T21:15:09.928Z,isaiah,Matthew Boyd,5,YES,52,-29.64,loss,true,,""
sweep-350,8507,2026-04-27,2026-04-27T21:15:09.928Z,isaiah,Randy Vásquez,5,YES,70,-29.4,loss,true,,""
sweep-350,8511,2026-04-27,2026-04-27T21:15:09.928Z,isaiah,Matthew Boyd,6,YES,69,-26.91,loss,true,,""
sweep-350,8516,2026-04-27,2026-04-27T21:15:09.928Z,isaiah,Chris Paddack,4,YES,32,-19.84,loss,true,,""
sweep-350,8518,2026-04-27,2026-04-27T21:15:09.928Z,isaiah,Chris Paddack,5,YES,45,-18,loss,true,,""
sweep-350,8519,2026-04-27,2026-04-27T21:15:09.928Z,isaiah,Chris Paddack,6,YES,56,-14,loss,true,,""
sweep-350,8468,2026-04-27,2026-04-27T21:16:15.092Z,,Parker Messick,5,YES,53,24.15,win,false,,"{""reason"":""unknown_user_id""}"
sweep-350,8469,2026-04-27,2026-04-27T21:16:15.092Z,,Parker Messick,6,YES,66,40.51,win,false,,"{""reason"":""unknown_user_id""}"
sweep-350,8476,2026-04-27,2026-04-27T21:16:15.092Z,,Luis Castillo,5,YES,57,-29.07,loss,false,,"{""reason"":""unknown_user_id""}"
sweep-350,8477,2026-04-27,2026-04-27T21:16:15.092Z,,Luis Castillo,6,YES,75,-27,loss,false,,"{""reason"":""unknown_user_id""}"
sweep-350,8490,2026-04-27,2026-04-27T21:16:15.092Z,,Anthony Kay,4,YES,40,-23.2,loss,false,,"{""reason"":""unknown_user_id""}"
sweep-350,8491,2026-04-27,2026-04-27T21:16:15.092Z,,Anthony Kay,5,YES,51,-19.38,loss,false,,"{""reason"":""unknown_user_id""}"
sweep-350,8496,2026-04-27,2026-04-27T21:16:15.092Z,,Jack Kochanowicz,3,YES,35,9.11,win,false,,"{""reason"":""unknown_user_id""}"
sweep-350,8501,2026-04-27,2026-04-27T21:16:15.092Z,,Jack Leiter,6,YES,53,-29.15,loss,false,,"{""reason"":""unknown_user_id""}"
sweep-350,8503,2026-04-27,2026-04-27T21:16:15.092Z,,Max Fried,6,YES,51,-29.07,loss,false,,"{""reason"":""unknown_user_id""}"
sweep-350,8520,2026-04-27,2026-04-27T21:16:15.092Z,,Randy Vásquez,5,YES,70,-29.4,loss,false,,"{""reason"":""unknown_user_id""}"
sweep-350,8523,2026-04-27,2026-04-27T21:16:15.092Z,,Matthew Boyd,5,YES,51,-29.07,loss,false,,"{""reason"":""unknown_user_id""}"
sweep-350,8527,2026-04-27,2026-04-27T21:16:15.092Z,,Matthew Boyd,6,YES,69,-26.91,loss,false,,"{""reason"":""unknown_user_id""}"
sweep-350,8532,2026-04-27,2026-04-27T21:16:15.092Z,,Chris Paddack,4,YES,32,-19.84,loss,false,,"{""reason"":""unknown_user_id""}"
sweep-350,8534,2026-04-27,2026-04-27T21:16:15.092Z,,Chris Paddack,5,YES,45,-18,loss,false,,"{""reason"":""unknown_user_id""}"
sweep-350,8535,2026-04-27,2026-04-27T21:16:15.092Z,,Chris Paddack,6,YES,56,0,void,false,,"{""reason"":""unknown_user_id""}"
sweep-350,8536,2026-04-27,2026-04-27T22:19:51.559Z,isaiah,Dylan Cease,8,YES,55,-25.85,loss,true,,""
sweep-350,8537,2026-04-27,2026-04-27T22:19:51.559Z,isaiah,Dylan Cease,9,YES,68,-25.84,loss,true,,""
sweep-350,8538,2026-04-27,2026-04-27T22:19:51.559Z,isaiah,Dylan Cease,10,YES,97,-24.25,loss,true,,""
sweep-350,8539,2026-04-27,2026-04-27T22:20:46.670Z,,Dylan Cease,9,YES,45,-17.1,loss,false,,"{""reason"":""unknown_user_id""}"
sweep-350,8540,2026-04-27,2026-04-27T22:20:46.670Z,,Dylan Cease,8,YES,36,-16.92,loss,false,,"{""reason"":""unknown_user_id""}"
sweep-350,8541,2026-04-27,2026-04-27T22:20:46.670Z,,Dylan Cease,10,YES,64,-16,loss,false,,"{""reason"":""unknown_user_id""}"
sweep-350,8512,2026-04-27,2026-04-27T23:26:03.186Z,isaiah,Chris Paddack,3,YES,32,-26.18,loss,true,,""
sweep-350,8528,2026-04-27,2026-04-27T23:26:48.977Z,,Chris Paddack,3,YES,22,-26.18,loss,false,,"{""reason"":""unknown_user_id""}"
sweep-350,8874,2026-04-28,2026-04-28T19:19:13.718Z,isaiah,Nick Martinez,5,YES,117,-0.62,loss,true,,""
sweep-350,8875,2026-04-28,2026-04-28T19:20:01.956Z,,Nick Martinez,5,YES,77,-14.88,loss,false,,"{""reason"":""unknown_user_id""}"
sweep-350,8876,2026-04-28,2026-04-28T19:32:24.366Z,isaiah,Payton Tolle,6,YES,91,-37.31,loss,true,,""
sweep-350,8877,2026-04-28,2026-04-28T19:32:24.366Z,isaiah,Payton Tolle,7,YES,153,-35.19,loss,false,ORDER_USD_OVER_LIMIT,"{""bet_amount_usd"":153,""limit_usd"":125,""strategy_mode"":""pregame_model""}"
sweep-350,8878,2026-04-28,2026-04-28T20:03:05.853Z,isaiah,Casey Mize,6,YES,154,-49.28,loss,false,ORDER_USD_OVER_LIMIT,"{""bet_amount_usd"":154,""limit_usd"":125,""strategy_mode"":""pregame_model""}"
sweep-350,8879,2026-04-28,2026-04-28T20:03:54.496Z,,Casey Mize,6,YES,108,0,void,false,,"{""reason"":""unknown_user_id""}"
sweep-350,8880,2026-04-28,2026-04-28T20:11:39.111Z,isaiah,Kai-Wei Teng,4,YES,88,-35.2,loss,true,,""
sweep-350,8881,2026-04-28,2026-04-28T20:11:39.111Z,isaiah,Kai-Wei Teng,6,YES,198,-29.7,loss,false,ORDER_USD_OVER_LIMIT,"{""bet_amount_usd"":198,""limit_usd"":125,""strategy_mode"":""pregame_model""}"
sweep-350,8882,2026-04-28,2026-04-28T20:12:30.887Z,,Kai-Wei Teng,4,YES,64,-25.6,loss,false,,"{""reason"":""unknown_user_id""}"
sweep-350,8883,2026-04-28,2026-04-28T20:12:30.887Z,,Kai-Wei Teng,6,YES,145,-21.75,loss,false,,"{""reason"":""unknown_user_id""}"
sweep-350,8884,2026-04-28,2026-04-28T20:31:04.200Z,isaiah,Chad Patrick,5,YES,85,9.23,win,true,,""
sweep-350,8885,2026-04-28,2026-04-28T20:31:09.492Z,,Chad Patrick,5,YES,62,0,void,false,,"{""reason"":""unknown_user_id""}"
sweep-350,8886,2026-04-28,2026-04-28T21:11:12.245Z,isaiah,José Soriano,7,YES,135,-54,loss,false,ORDER_USD_OVER_LIMIT,"{""bet_amount_usd"":135,""limit_usd"":125,""strategy_mode"":""pregame_model""}"
sweep-350,8887,2026-04-28,2026-04-28T21:11:12.247Z,,José Soriano,7,YES,99,-39.6,loss,false,,"{""reason"":""unknown_user_id""}"
sweep-350,8889,2026-04-28,2026-04-28T21:12:40.203Z,,Cam Schlittler,7,YES,90,50.22,win,false,,"{""reason"":""unknown_user_id""}"
sweep-350,8888,2026-04-28,2026-04-28T21:12:40.206Z,isaiah,Cam Schlittler,7,YES,122,68.08,win,true,,""
sweep-350,8891,2026-04-28,2026-04-28T21:13:36.644Z,isaiah,Merrill Kelly,6,YES,120,0,loss,true,,""
sweep-350,8890,2026-04-28,2026-04-28T21:13:36.647Z,,Merrill Kelly,6,YES,88,-29.58,loss,false,,"{""reason"":""unknown_user_id""}"
sweep-350,8892,2026-04-28,2026-04-28T21:31:08.575Z,isaiah,Kris Bubic,7,YES,83,-28.22,loss,true,,""
sweep-350,8894,2026-04-28,2026-04-28T21:31:08.575Z,isaiah,Kris Bubic,8,YES,107,0,loss,true,,""
sweep-350,8893,2026-04-28,2026-04-28T21:31:08.578Z,,Kris Bubic,7,YES,64,-11.9,loss,false,,"{""reason"":""unknown_user_id""}"
sweep-350,8895,2026-04-28,2026-04-28T21:31:08.578Z,,Kris Bubic,8,YES,82,0,loss,false,,"{""reason"":""unknown_user_id""}"
sweep-350,8900,2026-04-28,2026-04-28T22:46:07.977Z,isaiah,Walker Buehler,5,YES,102,-9.92,loss,true,,""
sweep-350,8901,2026-04-28,2026-04-28T22:46:07.988Z,,Walker Buehler,5,YES,72,0,loss,false,,"{""reason"":""unknown_user_id""}"
sweep-350,9110,2026-04-29,2026-04-29T14:31:42.825Z,,Gavin Williams,7,YES,59,38.35,win,false,,"{""reason"":""unknown_user_id""}"
sweep-350,9111,2026-04-29,2026-04-29T14:31:42.873Z,isaiah,Gavin Williams,7,YES,88,57.2,win,true,,""
sweep-350,9112,2026-04-29,2026-04-29T14:32:47.366Z,isaiah,Drew Rasmussen,5,YES,28,14.56,win,true,,""
sweep-350,9114,2026-04-29,2026-04-29T14:32:47.366Z,isaiah,Drew Rasmussen,6,YES,43,30.53,win,true,,""
sweep-350,9113,2026-04-29,2026-04-29T14:32:47.367Z,,Drew Rasmussen,5,YES,19,9.88,win,false,,"{""reason"":""unknown_user_id""}"
sweep-350,9115,2026-04-29,2026-04-29T14:32:47.367Z,,Drew Rasmussen,6,YES,29,20.59,win,false,,"{""reason"":""unknown_user_id""}"
sweep-350,9116,2026-04-29,2026-04-29T14:56:47.568Z,isaiah,Taj Bradley,7,YES,51,14.3,win,true,,""
sweep-350,9117,2026-04-29,2026-04-29T14:56:47.571Z,,Taj Bradley,7,YES,34,0,void,false,,"{""reason"":""unknown_user_id""}"
sweep-350,9118,2026-04-29,2026-04-29T14:56:53.000Z,isaiah,Taj Bradley,7,NO,1,-7.26,loss,true,,""
sweep-350,9119,2026-04-29,2026-04-29T14:57:50.622Z,isaiah,George Kirby,6,YES,32,-12.71,loss,true,,""
sweep-350,9122,2026-04-29,2026-04-29T14:57:50.622Z,isaiah,George Kirby,7,YES,40,-10.4,loss,true,,""
sweep-350,9120,2026-04-29,2026-04-29T14:57:50.727Z,,George Kirby,6,YES,21,-8.61,loss,false,,"{""reason"":""unknown_user_id""}"
sweep-350,9121,2026-04-29,2026-04-29T14:57:55.938Z,isaiah,George Kirby,6,NO,1,-12.09,win,true,,""
sweep-350,9124,2026-04-29,2026-04-29T15:01:06.969Z,isaiah,Erick Fedde,5,YES,67,39.26,win,true,,""
sweep-350,9123,2026-04-29,2026-04-29T15:01:06.971Z,,Erick Fedde,5,YES,46,26.95,win,false,,"{""reason"":""unknown_user_id""}"
sweep-350,9125,2026-04-29,2026-04-29T15:02:08.583Z,,Yusei Kikuchi,7,YES,64,-19.84,loss,false,,"{""reason"":""unknown_user_id""}"
sweep-350,9126,2026-04-29,2026-04-29T15:02:08.592Z,isaiah,Yusei Kikuchi,7,YES,93,-1.86,loss,true,,""
sweep-350,9128,2026-04-29,2026-04-29T15:41:47.233Z,,Nathan Eovaldi,7,YES,31,0,win,false,,"{""reason"":""unknown_user_id""}"
sweep-350,9127,2026-04-29,2026-04-29T15:41:47.234Z,isaiah,Nathan Eovaldi,7,YES,45,10.2,win,true,,""
sweep-350,9129,2026-04-29,2026-04-29T16:41:11.251Z,isaiah,Tyler Glasnow,8,YES,66,38.35,win,true,,""
sweep-350,9130,2026-04-29,2026-04-29T16:41:11.262Z,,Tyler Glasnow,8,YES,46,27.14,win,false,,"{""reason"":""unknown_user_id""}"
sweep-350,9131,2026-04-29,2026-04-29T16:41:16.554Z,isaiah,Tyler Glasnow,8,NO,1,-25.35,loss,true,,""
sweep-350,9132,2026-04-29,2026-04-29T17:01:07.045Z,isaiah,Matt Waldron,4,YES,21,-10.92,loss,true,,""
sweep-350,9133,2026-04-29,2026-04-29T17:01:07.045Z,isaiah,Matt Waldron,5,YES,31,-9.3,loss,true,,""
sweep-350,9135,2026-04-29,2026-04-29T17:02:13.703Z,isaiah,Jameson Taillon,5,YES,54,-23.22,win,true,,""
sweep-350,9134,2026-04-29,2026-04-29T17:02:13.704Z,,Jameson Taillon,5,YES,39,22.23,win,false,,"{""reason"":""unknown_user_id""}"
sweep-350,9139,2026-04-29,2026-04-29T18:11:30.527Z,,Tomoyuki Sugano,5,YES,24,-8.16,loss,false,,"{""reason"":""unknown_user_id""}"
sweep-350,9140,2026-04-29,2026-04-29T18:11:30.528Z,isaiah,Tomoyuki Sugano,5,YES,31,-10.54,loss,true,,""
sweep-350,9174,2026-04-29,2026-04-29T19:31:12.622Z,,David Peterson,7,YES,79,-19.75,loss,false,,"{""reason"":""unknown_user_id""}"
sweep-350,9173,2026-04-29,2026-04-29T19:31:12.623Z,isaiah,David Peterson,7,YES,114,-28.5,loss,true,,""
sweep-350,9177,2026-04-29,2026-04-29T19:36:37.566Z,,Andre Pallante,6,YES,75,54.41,win,false,,"{""reason"":""unknown_user_id""}"
sweep-350,9178,2026-04-29,2026-04-29T19:36:37.657Z,isaiah,Andre Pallante,6,YES,111,80.52,win,true,,""
sweep-350,9207,2026-04-29,2026-04-29T20:21:05.677Z,isaiah,Brandon Sproat,5,YES,53,31.55,win,true,,""
sweep-350,9208,2026-04-29,2026-04-29T20:21:05.687Z,,Brandon Sproat,5,YES,35,20.83,win,false,,"{""reason"":""unknown_user_id""}"
sweep-350,9295,2026-04-29,2026-04-29T22:48:18.752Z,isaiah,Luis Severino,6,YES,50,31.62,win,true,,""
sweep-350,9297,2026-04-29,2026-04-29T22:48:18.752Z,isaiah,Luis Severino,7,YES,71,54.14,win,true,,""
sweep-350,9296,2026-04-29,2026-04-29T22:48:18.845Z,,Luis Severino,6,YES,27,17.07,win,false,,"{""reason"":""unknown_user_id""}"
sweep-350,9300,2026-04-29,2026-04-29T22:49:22.198Z,,Michael Wacha,6,YES,58,-15.08,loss,false,,"{""reason"":""unknown_user_id""}"
sweep-350,9299,2026-04-29,2026-04-29T22:49:22.200Z,isaiah,Michael Wacha,6,YES,103,-17.94,loss,true,,""
sweep-350,9341,2026-04-29,2026-04-30T03:03:35.375Z,isaiah,Michael Wacha,7,NO,100,1.42,win,true,,""
sweep-350,9342,2026-04-29,2026-04-30T03:03:35.776Z,isaiah,Michael Wacha,8,NO,100,0.42,win,true,,""
sweep-350,9362,2026-04-30,2026-04-30T13:31:13.716Z,isaiah,Bryce Elder,6,YES,115,-40.25,loss,true,,""
sweep-350,9363,2026-04-30,2026-04-30T13:31:13.725Z,,Bryce Elder,6,YES,63,-22.05,loss,false,,"{""reason"":""unknown_user_id""}"
sweep-350,9364,2026-04-30,2026-04-30T13:32:59.733Z,,Joel Embiid,2,NO,10,,,false,,"{""reason"":""unknown_user_id""}"
sweep-350,9365,2026-04-30,2026-04-30T13:32:59.733Z,,Jamal Murray,3,NO,10,,,false,,"{""reason"":""unknown_user_id""}"
sweep-350,9366,2026-04-30,2026-04-30T13:32:59.733Z,,Derrick White,3,NO,10,,,false,,"{""reason"":""unknown_user_id""}"
sweep-350,9367,2026-04-30,2026-04-30T13:32:59.733Z,,Nikola Jokić,2,NO,10,,,false,,"{""reason"":""unknown_user_id""}"
sweep-350,9368,2026-04-30,2026-04-30T13:32:59.733Z,,Mikal Bridges,2,NO,10,,,false,,"{""reason"":""unknown_user_id""}"
sweep-350,9369,2026-04-30,2026-04-30T13:32:59.733Z,,Derrick White,4,NO,10,,,false,,"{""reason"":""unknown_user_id""}"
sweep-350,9370,2026-04-30,2026-04-30T13:32:59.733Z,,Nikola Jokić,3,NO,10,,,false,,"{""reason"":""unknown_user_id""}"
sweep-350,9371,2026-04-30,2026-04-30T13:32:59.733Z,,Nikola Vučević,1,YES,10,,,false,,"{""reason"":""unknown_user_id""}"
sweep-350,9372,2026-04-30,2026-04-30T13:32:59.733Z,,Josh Hart,3,NO,10,,,false,,"{""reason"":""unknown_user_id""}"
sweep-350,9373,2026-04-30,2026-04-30T13:32:59.733Z,,Jaylen Brown,2,YES,10,,,false,,"{""reason"":""unknown_user_id""}"
sweep-350,9374,2026-04-30,2026-04-30T13:32:59.733Z,,Tyrese Maxey,4,YES,10,,,false,,"{""reason"":""unknown_user_id""}"
sweep-350,9375,2026-04-30,2026-04-30T13:32:59.733Z,,CJ McCollum,3,NO,10,,,false,,"{""reason"":""unknown_user_id""}"
sweep-350,9376,2026-04-30,2026-04-30T13:32:59.733Z,,Nikola Vučević,3,YES,10,,,false,,"{""reason"":""unknown_user_id""}"
sweep-350,9377,2026-04-30,2026-04-30T13:32:59.733Z,,Mikal Bridges,3,NO,10,,,false,,"{""reason"":""unknown_user_id""}"
sweep-350,9378,2026-04-30,2026-04-30T13:32:59.733Z,,CJ McCollum,2,NO,10,,,false,,"{""reason"":""unknown_user_id""}"
sweep-350,9379,2026-04-30,2026-04-30T13:32:59.733Z,,Tyrese Maxey,3,YES,10,,,false,,"{""reason"":""unknown_user_id""}"
sweep-350,9380,2026-04-30,2026-04-30T13:32:59.733Z,,Jaylen Brown,4,YES,10,,,false,,"{""reason"":""unknown_user_id""}"
sweep-350,9381,2026-04-30,2026-04-30T13:32:59.733Z,,Tyrese Maxey,5,YES,10,,,false,,"{""reason"":""unknown_user_id""}"
sweep-350,9382,2026-04-30,2026-04-30T13:32:59.733Z,,Derrick White,5,NO,10,,,false,,"{""reason"":""unknown_user_id""}"
sweep-350,9383,2026-04-30,2026-04-30T13:32:59.733Z,,Jalen Johnson,2,NO,10,,,false,,"{""reason"":""unknown_user_id""}"
sweep-350,9384,2026-04-30,2026-04-30T13:32:59.733Z,,CJ McCollum,1,NO,10,,,false,,"{""reason"":""unknown_user_id""}"
sweep-350,9385,2026-04-30,2026-04-30T13:32:59.733Z,,CJ McCollum,5,NO,10,,,false,,"{""reason"":""unknown_user_id""}"
sweep-350,9386,2026-04-30,2026-04-30T13:32:59.733Z,,Jayson Tatum,4,YES,10,,,false,,"{""reason"":""unknown_user_id""}"
sweep-350,9387,2026-04-30,2026-04-30T13:32:59.733Z,,Jayson Tatum,3,YES,10,,,false,,"{""reason"":""unknown_user_id""}"
sweep-350,9388,2026-04-30,2026-04-30T14:41:14.220Z,isaiah,Chris Bassitt,5,NO,72,-30.96,loss,true,,""
sweep-350,9389,2026-04-30,2026-04-30T14:41:14.229Z,,Chris Bassitt,5,NO,39,-16.77,loss,false,,"{""reason"":""unknown_user_id""}"
sweep-350,9390,2026-04-30,2026-04-30T14:42:09.393Z,,Lance McCullers Jr.,6,YES,66,-21.12,loss,false,,"{""reason"":""unknown_user_id""}"
sweep-350,9391,2026-04-30,2026-04-30T14:42:09.397Z,isaiah,Lance McCullers Jr.,6,YES,120,-38.4,loss,true,,""
sweep-350,9392,2026-04-30,2026-04-30T15:36:08.439Z,isaiah,Peter Lambert,6,YES,56,-39,loss,true,,""
sweep-350,9394,2026-04-30,2026-04-30T15:36:08.439Z,isaiah,Peter Lambert,7,YES,76,-16.72,loss,true,,""
sweep-350,9393,2026-04-30,2026-04-30T15:36:08.523Z,,Peter Lambert,6,YES,30,-21.45,loss,false,,"{""reason"":""unknown_user_id""}"
sweep-350,9395,2026-04-30,2026-04-30T15:36:08.523Z,,Peter Lambert,7,YES,41,-9.02,loss,false,,"{""reason"":""unknown_user_id""}"
sweep-350,9396,2026-04-30,2026-04-30T16:21:13.127Z,,Jeffrey Springs,6,YES,33,-9.9,loss,false,,"{""reason"":""unknown_user_id""}"
sweep-350,9398,2026-04-30,2026-04-30T16:21:13.127Z,,Jeffrey Springs,7,YES,57,-8.55,loss,false,,"{""reason"":""unknown_user_id""}"
sweep-350,9397,2026-04-30,2026-04-30T16:21:13.165Z,isaiah,Jeffrey Springs,6,YES,61,-18.3,loss,true,,""
sweep-350,9399,2026-04-30,2026-04-30T16:21:13.165Z,isaiah,Jeffrey Springs,7,YES,103,-15.45,loss,true,,""
sweep-350,9424,2026-04-30,2026-04-30T20:21:01.762Z,isaiah,Bailey Ober,6,YES,157,,,false,ORDER_USD_OVER_LIMIT,"{""bet_amount_usd"":157,""limit_usd"":125,""strategy_mode"":""pregame_model""}"
sweep-350,9425,2026-04-30,2026-04-30T20:21:01.786Z,,Bailey Ober,6,YES,85,,,false,,"{""reason"":""unknown_user_id""}"
sweep-350,9426,2026-04-30,2026-04-30T20:22:02.585Z,isaiah,Kevin Gausman,7,YES,66,,,true,,""
sweep-350,9427,2026-04-30,2026-04-30T20:22:02.671Z,,Kevin Gausman,7,YES,36,,,false,,"{""reason"":""unknown_user_id""}"
